[harmony_setup] EXT_SUFFIX patched to: .cpython-39-x86_64-linux-ohos.so
[harmony_setup] CFLAGS patched to: -fno-strict-overflow -DNDEBUG -O2 -march=armv8.2-a
[harmony_setup] INCLUDEPY: F:/MyProject/Python-3.9.25/Include
[harmony_setup] LIBDIR: F:/MyProject/workspace_temp/build_py39_aarch64
[harmony_setup] CC from env: C:/msys64/ohos-sdk/llvm/bin/clang.exe --target=aarch64-unknown-linux-ohos --sysroot=C:/msys64/ohos-sdk/sysroot -D__MUSL__
[harmony_setup] LDSHARED from env: C:/msys64/ohos-sdk/llvm/bin/clang.exe --target=aarch64-unknown-linux-ohos --sysroot=C:/msys64/ohos-sdk/sysroot -D__MUSL__ -shared
[harmony_setup] Host Python lib: python3.14
[harmony_setup] Target Python lib: python3.9
[harmony_setup] Patched build_ext.get_libraries
INFO: Using library_map fallback for 'sdl2'
  [harmony_setup] Added 'python3.9' to _renpy
  [harmony_setup] Added 'python3.9' to renpy.astsupport
  [harmony_setup] Added 'python3.9' to renpy.cslots
  [harmony_setup] Added 'python3.9' to renpy.lexersupport
  [harmony_setup] Added 'python3.9' to renpy.pydict
  [harmony_setup] Added 'python3.9' to renpy.style
  [harmony_setup] Added 'python3.9' to renpy.encryption
INFO: Skipping module 'renpy.tfd' (RENPY_SKIP_MODULES)
  [harmony_setup] Added 'python3.9' to renpy.ecsign
INFO: Using library_map fallback for 'sdl2'
  [harmony_setup] Added 'python3.9' to renpy.audio.renpysound
  [harmony_setup] Added 'python3.9' to renpy.audio.filter
  [harmony_setup] Added 'python3.9' to renpy.styledata.styleclass
  [harmony_setup] Added 'python3.9' to renpy.styledata.stylesets
  [harmony_setup] Added 'python3.9' to renpy.styledata.style_selected_hover_functions
  [harmony_setup] Added 'python3.9' to renpy.styledata.style_selected_idle_functions
  [harmony_setup] Added 'python3.9' to renpy.styledata.style_selected_insensitive_functions
  [harmony_setup] Added 'python3.9' to renpy.styledata.style_selected_functions
  [harmony_setup] Added 'python3.9' to renpy.styledata.style_hover_functions
  [harmony_setup] Added 'python3.9' to renpy.styledata.style_idle_functions
  [harmony_setup] Added 'python3.9' to renpy.styledata.style_insensitive_functions
  [harmony_setup] Added 'python3.9' to renpy.styledata.style_functions
  [harmony_setup] Added 'python3.9' to renpy.styledata.style_activate_functions
  [harmony_setup] Added 'python3.9' to renpy.styledata.style_selected_activate_functions
  [harmony_setup] Added 'python3.9' to renpy.display.matrix
  [harmony_setup] Added 'python3.9' to renpy.display.render
INFO: Using library_map fallback for 'sdl2'
  [harmony_setup] Added 'python3.9' to renpy.display.accelerator
  [harmony_setup] Added 'python3.9' to renpy.display.quaternion
INFO: Using library_map fallback for 'sdl2'
  [harmony_setup] Added 'python3.9' to renpy.uguu.gl
INFO: Using library_map fallback for 'sdl2'
  [harmony_setup] Added 'python3.9' to renpy.uguu.uguu
  [harmony_setup] Added 'python3.9' to renpy.gl2.gl2mesh
  [harmony_setup] Added 'python3.9' to renpy.gl2.gl2mesh2
  [harmony_setup] Added 'python3.9' to renpy.gl2.gl2mesh3
  [harmony_setup] Added 'python3.9' to renpy.gl2.gl2polygon
  [harmony_setup] Added 'python3.9' to renpy.gl2.gl2model
  [harmony_setup] Added 'python3.9' to renpy.gl2.gl2draw
  [harmony_setup] Added 'python3.9' to renpy.gl2.gl2texture
  [harmony_setup] Added 'python3.9' to renpy.gl2.gl2uniform
  [harmony_setup] Added 'python3.9' to renpy.gl2.gl2shader
INFO: Skipping module 'renpy.gl2.assimp' (RENPY_SKIP_MODULES)
  [harmony_setup] Added 'python3.9' to renpy.text.textsupport
  [harmony_setup] Added 'python3.9' to renpy.text.texwrap
  [harmony_setup] Added 'python3.9' to renpy.text.ftfont
  [harmony_setup] Added 'python3.9' to renpy.text.hbfont
  [harmony_setup] Added 'python3.9' to renpy.text.bidi
INFO: Using library_map fallback for 'sdl2'
  [harmony_setup] Added 'python3.9' to renpy.pygame.error
INFO: Using library_map fallback for 'sdl2'
  [harmony_setup] Added 'python3.9' to renpy.pygame.color
INFO: Using library_map fallback for 'sdl2'
  [harmony_setup] Added 'python3.9' to renpy.pygame.controller
INFO: Using library_map fallback for 'sdl2'
  [harmony_setup] Added 'python3.9' to renpy.pygame.rect
INFO: Using library_map fallback for 'sdl2'
  [harmony_setup] Added 'python3.9' to renpy.pygame.rwobject
INFO: Using library_map fallback for 'sdl2'
  [harmony_setup] Added 'python3.9' to renpy.pygame.surface
INFO: Using library_map fallback for 'sdl2'
  [harmony_setup] Added 'python3.9' to renpy.pygame.display
INFO: Using library_map fallback for 'sdl2'
  [harmony_setup] Added 'python3.9' to renpy.pygame.event
INFO: Using library_map fallback for 'sdl2'
  [harmony_setup] Added 'python3.9' to renpy.pygame.locals
INFO: Using library_map fallback for 'sdl2'
  [harmony_setup] Added 'python3.9' to renpy.pygame.key
INFO: Using library_map fallback for 'sdl2'
  [harmony_setup] Added 'python3.9' to renpy.pygame.mouse
INFO: Using library_map fallback for 'sdl2'
  [harmony_setup] Added 'python3.9' to renpy.pygame.joystick
INFO: Using library_map fallback for 'sdl2'
  [harmony_setup] Added 'python3.9' to renpy.pygame.power
INFO: Using library_map fallback for 'sdl2'
  [harmony_setup] Added 'python3.9' to renpy.pygame.pygame_time
INFO: Using library_map fallback for 'sdl2'
INFO: Using library_map fallback for 'SDL2_image'
  [harmony_setup] Added 'python3.9' to renpy.pygame.image
INFO: Using library_map fallback for 'sdl2'
  [harmony_setup] Added 'python3.9' to renpy.pygame.transform
INFO: Using library_map fallback for 'sdl2'
  [harmony_setup] Added 'python3.9' to renpy.pygame.gfxdraw
INFO: Using library_map fallback for 'sdl2'
  [harmony_setup] Added 'python3.9' to renpy.pygame.draw
INFO: Using library_map fallback for 'sdl2'
  [harmony_setup] Added 'python3.9' to renpy.pygame.scrap
running build_ext
building '_renpy' extension
C:/msys64/ohos-sdk/llvm/bin/clang.exe --target=aarch64-unknown-linux-ohos --sysroot=C:/msys64/ohos-sdk/sysroot -D__MUSL__ -IF:/MyProject/Python-3.9.25/Include -IF:/MyProject/workspace_temp/build_py39_aarch64 -IF:/MyProject/Python-3.12.12/harmony_deps/aarch64/include -IF:/MyProject/Python-3.12.12/harmony_deps/aarch64/include/SDL2 -IF:/MyProject/third_party_ffmpeg/install-harmony-aarch64/include -O2 -march=armv8.2-a -fPIC -Isrc -Itmp/gen3 -IF:/MyProject/Python-3.12.12/harmony_deps/aarch64/include/libpng16 -IF:/MyProject/Python-3.12.12/harmony_deps/aarch64/include -Isrc -Itmp/gen3 -IF:/MyProject/Python-3.12.12/harmony_deps/aarch64/include/libpng16 -IF:/MyProject/Python-3.12.12/harmony_deps/aarch64/include -IF:/MyProject/Python-3.9.25/Include -c src/IMG_savepng.c -o build/harmony39-aarch64/temp/src/IMG_savepng.o -std=gnu99 -Wno-unused-function
C:/msys64/ohos-sdk/llvm/bin/clang.exe --target=aarch64-unknown-linux-ohos --sysroot=C:/msys64/ohos-sdk/sysroot -D__MUSL__ -IF:/MyProject/Python-3.9.25/Include -IF:/MyProject/workspace_temp/build_py39_aarch64 -IF:/MyProject/Python-3.12.12/harmony_deps/aarch64/include -IF:/MyProject/Python-3.12.12/harmony_deps/aarch64/include/SDL2 -IF:/MyProject/third_party_ffmpeg/install-harmony-aarch64/include -O2 -march=armv8.2-a -fPIC -Isrc -Itmp/gen3 -IF:/MyProject/Python-3.12.12/harmony_deps/aarch64/include/libpng16 -IF:/MyProject/Python-3.12.12/harmony_deps/aarch64/include -Isrc -Itmp/gen3 -IF:/MyProject/Python-3.12.12/harmony_deps/aarch64/include/libpng16 -IF:/MyProject/Python-3.12.12/harmony_deps/aarch64/include -IF:/MyProject/Python-3.9.25/Include -c src/core.c -o build/harmony39-aarch64/temp/src/core.o -std=gnu99 -Wno-unused-function
C:/msys64/ohos-sdk/llvm/bin/clang.exe --target=aarch64-unknown-linux-ohos --sysroot=C:/msys64/ohos-sdk/sysroot -D__MUSL__ -IF:/MyProject/Python-3.9.25/Include -IF:/MyProject/workspace_temp/build_py39_aarch64 -IF:/MyProject/Python-3.12.12/harmony_deps/aarch64/include -IF:/MyProject/Python-3.12.12/harmony_deps/aarch64/include/SDL2 -IF:/MyProject/third_party_ffmpeg/install-harmony-aarch64/include -O2 -march=armv8.2-a -fPIC -Isrc -Itmp/gen3 -IF:/MyProject/Python-3.12.12/harmony_deps/aarch64/include/libpng16 -IF:/MyProject/Python-3.12.12/harmony_deps/aarch64/include -Isrc -Itmp/gen3 -IF:/MyProject/Python-3.12.12/harmony_deps/aarch64/include/libpng16 -IF:/MyProject/Python-3.12.12/harmony_deps/aarch64/include -IF:/MyProject/Python-3.9.25/Include -c tmp/gen3/_renpy.c -o build/harmony39-aarch64/temp/tmp/gen3/_renpy.o -std=gnu99 -Wno-unused-function
  [harmony_setup] Replaced host Python lib 'python3.14' with 'python3.9'
C:/msys64/ohos-sdk/llvm/bin/clang.exe --target=aarch64-unknown-linux-ohos --sysroot=C:/msys64/ohos-sdk/sysroot -D__MUSL__ -shared -LF:/MyProject/workspace_temp/build_py39_aarch64 -LF:/MyProject/Python-3.12.12/harmony_deps/aarch64/lib -LF:/MyProject/third_party_ffmpeg/install-harmony-aarch64/lib -lpython3.9 -IF:/MyProject/Python-3.9.25/Include -IF:/MyProject/workspace_temp/build_py39_aarch64 -IF:/MyProject/Python-3.12.12/harmony_deps/aarch64/include -IF:/MyProject/Python-3.12.12/harmony_deps/aarch64/include/SDL2 -IF:/MyProject/third_party_ffmpeg/install-harmony-aarch64/include -O2 -march=armv8.2-a build/harmony39-aarch64/temp/src/IMG_savepng.o build/harmony39-aarch64/temp/src/core.o build/harmony39-aarch64/temp/tmp/gen3/_renpy.o -LF:/MyProject/Python-3.12.12/harmony_deps/aarch64/lib -LF:/MyProject/workspace_temp/build_py39_aarch64 -lSDL2 -lpng16 -lpython3.9 -lpython3.9 -o build/harmony39-aarch64/lib/_renpy.cpython-39-x86_64-linux-ohos.so
building 'renpy.astsupport' extension
C:/msys64/ohos-sdk/llvm/bin/clang.exe --target=aarch64-unknown-linux-ohos --sysroot=C:/msys64/ohos-sdk/sysroot -D__MUSL__ -IF:/MyProject/Python-3.9.25/Include -IF:/MyProject/workspace_temp/build_py39_aarch64 -IF:/MyProject/Python-3.12.12/harmony_deps/aarch64/include -IF:/MyProject/Python-3.12.12/harmony_deps/aarch64/include/SDL2 -IF:/MyProject/third_party_ffmpeg/install-harmony-aarch64/include -O2 -march=armv8.2-a -fPIC -Isrc -Itmp/gen3 -IF:/MyProject/Python-3.12.12/harmony_deps/aarch64/include/libpng16 -IF:/MyProject/Python-3.12.12/harmony_deps/aarch64/include -Isrc -Itmp/gen3 -IF:/MyProject/Python-3.12.12/harmony_deps/aarch64/include/libpng16 -IF:/MyProject/Python-3.12.12/harmony_deps/aarch64/include -IF:/MyProject/Python-3.9.25/Include -c tmp/gen3/renpy.astsupport.c -o build/harmony39-aarch64/temp/tmp/gen3/renpy.astsupport.o -std=gnu99 -Wno-unused-function
  [harmony_setup] Replaced host Python lib 'python3.14' with 'python3.9'
C:/msys64/ohos-sdk/llvm/bin/clang.exe --target=aarch64-unknown-linux-ohos --sysroot=C:/msys64/ohos-sdk/sysroot -D__MUSL__ -shared -LF:/MyProject/workspace_temp/build_py39_aarch64 -LF:/MyProject/Python-3.12.12/harmony_deps/aarch64/lib -LF:/MyProject/third_party_ffmpeg/install-harmony-aarch64/lib -lpython3.9 -IF:/MyProject/Python-3.9.25/Include -IF:/MyProject/workspace_temp/build_py39_aarch64 -IF:/MyProject/Python-3.12.12/harmony_deps/aarch64/include -IF:/MyProject/Python-3.12.12/harmony_deps/aarch64/include/SDL2 -IF:/MyProject/third_party_ffmpeg/install-harmony-aarch64/include -O2 -march=armv8.2-a build/harmony39-aarch64/temp/tmp/gen3/renpy.astsupport.o -LF:/MyProject/workspace_temp/build_py39_aarch64 -lpython3.9 -lpython3.9 -o build/harmony39-aarch64/lib/renpy/astsupport.cpython-39-x86_64-linux-ohos.so
building 'renpy.cslots' extension
C:/msys64/ohos-sdk/llvm/bin/clang.exe --target=aarch64-unknown-linux-ohos --sysroot=C:/msys64/ohos-sdk/sysroot -D__MUSL__ -IF:/MyProject/Python-3.9.25/Include -IF:/MyProject/workspace_temp/build_py39_aarch64 -IF:/MyProject/Python-3.12.12/harmony_deps/aarch64/include -IF:/MyProject/Python-3.12.12/harmony_deps/aarch64/include/SDL2 -IF:/MyProject/third_party_ffmpeg/install-harmony-aarch64/include -O2 -march=armv8.2-a -fPIC -Isrc -Itmp/gen3 -IF:/MyProject/Python-3.12.12/harmony_deps/aarch64/include/libpng16 -IF:/MyProject/Python-3.12.12/harmony_deps/aarch64/include -Isrc -Itmp/gen3 -IF:/MyProject/Python-3.12.12/harmony_deps/aarch64/include/libpng16 -IF:/MyProject/Python-3.12.12/harmony_deps/aarch64/include -IF:/MyProject/Python-3.9.25/Include -c tmp/gen3/renpy.cslots.c -o build/harmony39-aarch64/temp/tmp/gen3/renpy.cslots.o -std=gnu99 -Wno-unused-function
  [harmony_setup] Replaced host Python lib 'python3.14' with 'python3.9'
C:/msys64/ohos-sdk/llvm/bin/clang.exe --target=aarch64-unknown-linux-ohos --sysroot=C:/msys64/ohos-sdk/sysroot -D__MUSL__ -shared -LF:/MyProject/workspace_temp/build_py39_aarch64 -LF:/MyProject/Python-3.12.12/harmony_deps/aarch64/lib -LF:/MyProject/third_party_ffmpeg/install-harmony-aarch64/lib -lpython3.9 -IF:/MyProject/Python-3.9.25/Include -IF:/MyProject/workspace_temp/build_py39_aarch64 -IF:/MyProject/Python-3.12.12/harmony_deps/aarch64/include -IF:/MyProject/Python-3.12.12/harmony_deps/aarch64/include/SDL2 -IF:/MyProject/third_party_ffmpeg/install-harmony-aarch64/include -O2 -march=armv8.2-a build/harmony39-aarch64/temp/tmp/gen3/renpy.cslots.o -LF:/MyProject/workspace_temp/build_py39_aarch64 -lpython3.9 -lpython3.9 -o build/harmony39-aarch64/lib/renpy/cslots.cpython-39-x86_64-linux-ohos.so
building 'renpy.lexersupport' extension
C:/msys64/ohos-sdk/llvm/bin/clang.exe --target=aarch64-unknown-linux-ohos --sysroot=C:/msys64/ohos-sdk/sysroot -D__MUSL__ -IF:/MyProject/Python-3.9.25/Include -IF:/MyProject/workspace_temp/build_py39_aarch64 -IF:/MyProject/Python-3.12.12/harmony_deps/aarch64/include -IF:/MyProject/Python-3.12.12/harmony_deps/aarch64/include/SDL2 -IF:/MyProject/third_party_ffmpeg/install-harmony-aarch64/include -O2 -march=armv8.2-a -fPIC -Isrc -Itmp/gen3 -IF:/MyProject/Python-3.12.12/harmony_deps/aarch64/include/libpng16 -IF:/MyProject/Python-3.12.12/harmony_deps/aarch64/include -Isrc -Itmp/gen3 -IF:/MyProject/Python-3.12.12/harmony_deps/aarch64/include/libpng16 -IF:/MyProject/Python-3.12.12/harmony_deps/aarch64/include -IF:/MyProject/Python-3.9.25/Include -c tmp/gen3/renpy.lexersupport.c -o build/harmony39-aarch64/temp/tmp/gen3/renpy.lexersupport.o -std=gnu99 -Wno-unused-function
  [harmony_setup] Replaced host Python lib 'python3.14' with 'python3.9'
C:/msys64/ohos-sdk/llvm/bin/clang.exe --target=aarch64-unknown-linux-ohos --sysroot=C:/msys64/ohos-sdk/sysroot -D__MUSL__ -shared -LF:/MyProject/workspace_temp/build_py39_aarch64 -LF:/MyProject/Python-3.12.12/harmony_deps/aarch64/lib -LF:/MyProject/third_party_ffmpeg/install-harmony-aarch64/lib -lpython3.9 -IF:/MyProject/Python-3.9.25/Include -IF:/MyProject/workspace_temp/build_py39_aarch64 -IF:/MyProject/Python-3.12.12/harmony_deps/aarch64/include -IF:/MyProject/Python-3.12.12/harmony_deps/aarch64/include/SDL2 -IF:/MyProject/third_party_ffmpeg/install-harmony-aarch64/include -O2 -march=armv8.2-a build/harmony39-aarch64/temp/tmp/gen3/renpy.lexersupport.o -LF:/MyProject/workspace_temp/build_py39_aarch64 -lpython3.9 -lpython3.9 -o build/harmony39-aarch64/lib/renpy/lexersupport.cpython-39-x86_64-linux-ohos.so
building 'renpy.pydict' extension
C:/msys64/ohos-sdk/llvm/bin/clang.exe --target=aarch64-unknown-linux-ohos --sysroot=C:/msys64/ohos-sdk/sysroot -D__MUSL__ -IF:/MyProject/Python-3.9.25/Include -IF:/MyProject/workspace_temp/build_py39_aarch64 -IF:/MyProject/Python-3.12.12/harmony_deps/aarch64/include -IF:/MyProject/Python-3.12.12/harmony_deps/aarch64/include/SDL2 -IF:/MyProject/third_party_ffmpeg/install-harmony-aarch64/include -O2 -march=armv8.2-a -fPIC -Isrc -Itmp/gen3 -IF:/MyProject/Python-3.12.12/harmony_deps/aarch64/include/libpng16 -IF:/MyProject/Python-3.12.12/harmony_deps/aarch64/include -Isrc -Itmp/gen3 -IF:/MyProject/Python-3.12.12/harmony_deps/aarch64/include/libpng16 -IF:/MyProject/Python-3.12.12/harmony_deps/aarch64/include -IF:/MyProject/Python-3.9.25/Include -c tmp/gen3/renpy.pydict.c -o build/harmony39-aarch64/temp/tmp/gen3/renpy.pydict.o -std=gnu99 -Wno-unused-function
  [harmony_setup] Replaced host Python lib 'python3.14' with 'python3.9'
C:/msys64/ohos-sdk/llvm/bin/clang.exe --target=aarch64-unknown-linux-ohos --sysroot=C:/msys64/ohos-sdk/sysroot -D__MUSL__ -shared -LF:/MyProject/workspace_temp/build_py39_aarch64 -LF:/MyProject/Python-3.12.12/harmony_deps/aarch64/lib -LF:/MyProject/third_party_ffmpeg/install-harmony-aarch64/lib -lpython3.9 -IF:/MyProject/Python-3.9.25/Include -IF:/MyProject/workspace_temp/build_py39_aarch64 -IF:/MyProject/Python-3.12.12/harmony_deps/aarch64/include -IF:/MyProject/Python-3.12.12/harmony_deps/aarch64/include/SDL2 -IF:/MyProject/third_party_ffmpeg/install-harmony-aarch64/include -O2 -march=armv8.2-a build/harmony39-aarch64/temp/tmp/gen3/renpy.pydict.o -LF:/MyProject/workspace_temp/build_py39_aarch64 -lpython3.9 -lpython3.9 -o build/harmony39-aarch64/lib/renpy/pydict.cpython-39-x86_64-linux-ohos.so
building 'renpy.style' extension
C:/msys64/ohos-sdk/llvm/bin/clang.exe --target=aarch64-unknown-linux-ohos --sysroot=C:/msys64/ohos-sdk/sysroot -D__MUSL__ -IF:/MyProject/Python-3.9.25/Include -IF:/MyProject/workspace_temp/build_py39_aarch64 -IF:/MyProject/Python-3.12.12/harmony_deps/aarch64/include -IF:/MyProject/Python-3.12.12/harmony_deps/aarch64/include/SDL2 -IF:/MyProject/third_party_ffmpeg/install-harmony-aarch64/include -O2 -march=armv8.2-a -fPIC -Isrc -Itmp/gen3 -IF:/MyProject/Python-3.12.12/harmony_deps/aarch64/include/libpng16 -IF:/MyProject/Python-3.12.12/harmony_deps/aarch64/include -Isrc -Itmp/gen3 -IF:/MyProject/Python-3.12.12/harmony_deps/aarch64/include/libpng16 -IF:/MyProject/Python-3.12.12/harmony_deps/aarch64/include -IF:/MyProject/Python-3.9.25/Include -c tmp/gen3/renpy.style.c -o build/harmony39-aarch64/temp/tmp/gen3/renpy.style.o -std=gnu99 -Wno-unused-function
  [harmony_setup] Replaced host Python lib 'python3.14' with 'python3.9'
C:/msys64/ohos-sdk/llvm/bin/clang.exe --target=aarch64-unknown-linux-ohos --sysroot=C:/msys64/ohos-sdk/sysroot -D__MUSL__ -shared -LF:/MyProject/workspace_temp/build_py39_aarch64 -LF:/MyProject/Python-3.12.12/harmony_deps/aarch64/lib -LF:/MyProject/third_party_ffmpeg/install-harmony-aarch64/lib -lpython3.9 -IF:/MyProject/Python-3.9.25/Include -IF:/MyProject/workspace_temp/build_py39_aarch64 -IF:/MyProject/Python-3.12.12/harmony_deps/aarch64/include -IF:/MyProject/Python-3.12.12/harmony_deps/aarch64/include/SDL2 -IF:/MyProject/third_party_ffmpeg/install-harmony-aarch64/include -O2 -march=armv8.2-a build/harmony39-aarch64/temp/tmp/gen3/renpy.style.o -LF:/MyProject/workspace_temp/build_py39_aarch64 -lpython3.9 -lpython3.9 -o build/harmony39-aarch64/lib/renpy/style.cpython-39-x86_64-linux-ohos.so
building 'renpy.encryption' extension
C:/msys64/ohos-sdk/llvm/bin/clang.exe --target=aarch64-unknown-linux-ohos --sysroot=C:/msys64/ohos-sdk/sysroot -D__MUSL__ -IF:/MyProject/Python-3.9.25/Include -IF:/MyProject/workspace_temp/build_py39_aarch64 -IF:/MyProject/Python-3.12.12/harmony_deps/aarch64/include -IF:/MyProject/Python-3.12.12/harmony_deps/aarch64/include/SDL2 -IF:/MyProject/third_party_ffmpeg/install-harmony-aarch64/include -O2 -march=armv8.2-a -fPIC -Isrc -Itmp/gen3 -IF:/MyProject/Python-3.12.12/harmony_deps/aarch64/include/libpng16 -IF:/MyProject/Python-3.12.12/harmony_deps/aarch64/include -Isrc -Itmp/gen3 -IF:/MyProject/Python-3.12.12/harmony_deps/aarch64/include/libpng16 -IF:/MyProject/Python-3.12.12/harmony_deps/aarch64/include -IF:/MyProject/Python-3.9.25/Include -c tmp/gen3/renpy.encryption.c -o build/harmony39-aarch64/temp/tmp/gen3/renpy.encryption.o -std=gnu99 -Wno-unused-function
  [harmony_setup] Replaced host Python lib 'python3.14' with 'python3.9'
C:/msys64/ohos-sdk/llvm/bin/clang.exe --target=aarch64-unknown-linux-ohos --sysroot=C:/msys64/ohos-sdk/sysroot -D__MUSL__ -shared -LF:/MyProject/workspace_temp/build_py39_aarch64 -LF:/MyProject/Python-3.12.12/harmony_deps/aarch64/lib -LF:/MyProject/third_party_ffmpeg/install-harmony-aarch64/lib -lpython3.9 -IF:/MyProject/Python-3.9.25/Include -IF:/MyProject/workspace_temp/build_py39_aarch64 -IF:/MyProject/Python-3.12.12/harmony_deps/aarch64/include -IF:/MyProject/Python-3.12.12/harmony_deps/aarch64/include/SDL2 -IF:/MyProject/third_party_ffmpeg/install-harmony-aarch64/include -O2 -march=armv8.2-a build/harmony39-aarch64/temp/tmp/gen3/renpy.encryption.o -LF:/MyProject/workspace_temp/build_py39_aarch64 -lpython3.9 -lpython3.9 -o build/harmony39-aarch64/lib/renpy/encryption.cpython-39-x86_64-linux-ohos.so
building 'renpy.ecsign' extension
C:/msys64/ohos-sdk/llvm/bin/clang.exe --target=aarch64-unknown-linux-ohos --sysroot=C:/msys64/ohos-sdk/sysroot -D__MUSL__ -IF:/MyProject/Python-3.9.25/Include -IF:/MyProject/workspace_temp/build_py39_aarch64 -IF:/MyProject/Python-3.12.12/harmony_deps/aarch64/include -IF:/MyProject/Python-3.12.12/harmony_deps/aarch64/include/SDL2 -IF:/MyProject/third_party_ffmpeg/install-harmony-aarch64/include -O2 -march=armv8.2-a -fPIC -Isrc -Itmp/gen3 -IF:/MyProject/Python-3.12.12/harmony_deps/aarch64/include/libpng16 -IF:/MyProject/Python-3.12.12/harmony_deps/aarch64/include -Isrc -Itmp/gen3 -IF:/MyProject/Python-3.12.12/harmony_deps/aarch64/include/libpng16 -IF:/MyProject/Python-3.12.12/harmony_deps/aarch64/include -IF:/MyProject/Python-3.9.25/Include -c src/ec_sign_core.c -o build/harmony39-aarch64/temp/src/ec_sign_core.o -std=gnu99 -Wno-unused-function
C:/msys64/ohos-sdk/llvm/bin/clang.exe --target=aarch64-unknown-linux-ohos --sysroot=C:/msys64/ohos-sdk/sysroot -D__MUSL__ -IF:/MyProject/Python-3.9.25/Include -IF:/MyProject/workspace_temp/build_py39_aarch64 -IF:/MyProject/Python-3.12.12/harmony_deps/aarch64/include -IF:/MyProject/Python-3.12.12/harmony_deps/aarch64/include/SDL2 -IF:/MyProject/third_party_ffmpeg/install-harmony-aarch64/include -O2 -march=armv8.2-a -fPIC -Isrc -Itmp/gen3 -IF:/MyProject/Python-3.12.12/harmony_deps/aarch64/include/libpng16 -IF:/MyProject/Python-3.12.12/harmony_deps/aarch64/include -Isrc -Itmp/gen3 -IF:/MyProject/Python-3.12.12/harmony_deps/aarch64/include/libpng16 -IF:/MyProject/Python-3.12.12/harmony_deps/aarch64/include -IF:/MyProject/Python-3.9.25/Include -c tmp/gen3/renpy.ecsign.c -o build/harmony39-aarch64/temp/tmp/gen3/renpy.ecsign.o -std=gnu99 -Wno-unused-function
  [harmony_setup] Replaced host Python lib 'python3.14' with 'python3.9'
C:/msys64/ohos-sdk/llvm/bin/clang.exe --target=aarch64-unknown-linux-ohos --sysroot=C:/msys64/ohos-sdk/sysroot -D__MUSL__ -shared -LF:/MyProject/workspace_temp/build_py39_aarch64 -LF:/MyProject/Python-3.12.12/harmony_deps/aarch64/lib -LF:/MyProject/third_party_ffmpeg/install-harmony-aarch64/lib -lpython3.9 -IF:/MyProject/Python-3.9.25/Include -IF:/MyProject/workspace_temp/build_py39_aarch64 -IF:/MyProject/Python-3.12.12/harmony_deps/aarch64/include -IF:/MyProject/Python-3.12.12/harmony_deps/aarch64/include/SDL2 -IF:/MyProject/third_party_ffmpeg/install-harmony-aarch64/include -O2 -march=armv8.2-a build/harmony39-aarch64/temp/src/ec_sign_core.o build/harmony39-aarch64/temp/tmp/gen3/renpy.ecsign.o -LF:/MyProject/Python-3.12.12/harmony_deps/aarch64/lib -LF:/MyProject/workspace_temp/build_py39_aarch64 -lssl -lcrypto -lpython3.9 -lpython3.9 -o build/harmony39-aarch64/lib/renpy/ecsign.cpython-39-x86_64-linux-ohos.so
building 'renpy.audio.renpysound' extension
C:/msys64/ohos-sdk/llvm/bin/clang.exe --target=aarch64-unknown-linux-ohos --sysroot=C:/msys64/ohos-sdk/sysroot -D__MUSL__ -IF:/MyProject/Python-3.9.25/Include -IF:/MyProject/workspace_temp/build_py39_aarch64 -IF:/MyProject/Python-3.12.12/harmony_deps/aarch64/include -IF:/MyProject/Python-3.12.12/harmony_deps/aarch64/include/SDL2 -IF:/MyProject/third_party_ffmpeg/install-harmony-aarch64/include -O2 -march=armv8.2-a -fPIC -Isrc -Itmp/gen3 -IF:/MyProject/Python-3.12.12/harmony_deps/aarch64/include/libpng16 -IF:/MyProject/Python-3.12.12/harmony_deps/aarch64/include -IF:/MyProject/third_party_ffmpeg/install-harmony-aarch64/include -Isrc -Itmp/gen3 -IF:/MyProject/Python-3.12.12/harmony_deps/aarch64/include/libpng16 -IF:/MyProject/Python-3.12.12/harmony_deps/aarch64/include -IF:/MyProject/third_party_ffmpeg/install-harmony-aarch64/include -IF:/MyProject/Python-3.9.25/Include -c src/ffmedia.c -o build/harmony39-aarch64/temp/src/ffmedia.o -std=gnu99 -Wno-unused-function
src/ffmedia.c:1736:7: warning: 'av_fmt_ctx_get_duration_estimation_method' is deprecated [-Wdeprecated-declarations]
                if (av_fmt_ctx_get_duration_estimation_method(ctx) != AVFMT_DURATION_FROM_BITRATE) {
                    ^
F:/MyProject/third_party_ffmpeg/install-harmony-aarch64/include/libavformat/avformat.h:1961:1: note: 'av_fmt_ctx_get_duration_estimation_method' has been explicitly marked deprecated here
attribute_deprecated
^
F:/MyProject/third_party_ffmpeg/install-harmony-aarch64/include/libavutil/attributes.h:100:49: note: expanded from macro 'attribute_deprecated'
#    define attribute_deprecated __attribute__((deprecated))
                                                ^
src/ffmedia.c:1910:7: warning: 'av_fmt_ctx_get_duration_estimation_method' is deprecated [-Wdeprecated-declarations]
                if (av_fmt_ctx_get_duration_estimation_method(ctx) != AVFMT_DURATION_FROM_BITRATE) {
                    ^
F:/MyProject/third_party_ffmpeg/install-harmony-aarch64/include/libavformat/avformat.h:1961:1: note: 'av_fmt_ctx_get_duration_estimation_method' has been explicitly marked deprecated here
attribute_deprecated
^
F:/MyProject/third_party_ffmpeg/install-harmony-aarch64/include/libavutil/attributes.h:100:49: note: expanded from macro 'attribute_deprecated'
#    define attribute_deprecated __attribute__((deprecated))
                                                ^
2 warnings generated.
C:/msys64/ohos-sdk/llvm/bin/clang.exe --target=aarch64-unknown-linux-ohos --sysroot=C:/msys64/ohos-sdk/sysroot -D__MUSL__ -IF:/MyProject/Python-3.9.25/Include -IF:/MyProject/workspace_temp/build_py39_aarch64 -IF:/MyProject/Python-3.12.12/harmony_deps/aarch64/include -IF:/MyProject/Python-3.12.12/harmony_deps/aarch64/include/SDL2 -IF:/MyProject/third_party_ffmpeg/install-harmony-aarch64/include -O2 -march=armv8.2-a -fPIC -Isrc -Itmp/gen3 -IF:/MyProject/Python-3.12.12/harmony_deps/aarch64/include/libpng16 -IF:/MyProject/Python-3.12.12/harmony_deps/aarch64/include -IF:/MyProject/third_party_ffmpeg/install-harmony-aarch64/include -Isrc -Itmp/gen3 -IF:/MyProject/Python-3.12.12/harmony_deps/aarch64/include/libpng16 -IF:/MyProject/Python-3.12.12/harmony_deps/aarch64/include -IF:/MyProject/third_party_ffmpeg/install-harmony-aarch64/include -IF:/MyProject/Python-3.9.25/Include -c src/renpysound_core.c -o build/harmony39-aarch64/temp/src/renpysound_core.o -std=gnu99 -Wno-unused-function
C:/msys64/ohos-sdk/llvm/bin/clang.exe --target=aarch64-unknown-linux-ohos --sysroot=C:/msys64/ohos-sdk/sysroot -D__MUSL__ -IF:/MyProject/Python-3.9.25/Include -IF:/MyProject/workspace_temp/build_py39_aarch64 -IF:/MyProject/Python-3.12.12/harmony_deps/aarch64/include -IF:/MyProject/Python-3.12.12/harmony_deps/aarch64/include/SDL2 -IF:/MyProject/third_party_ffmpeg/install-harmony-aarch64/include -O2 -march=armv8.2-a -fPIC -Isrc -Itmp/gen3 -IF:/MyProject/Python-3.12.12/harmony_deps/aarch64/include/libpng16 -IF:/MyProject/Python-3.12.12/harmony_deps/aarch64/include -IF:/MyProject/third_party_ffmpeg/install-harmony-aarch64/include -Isrc -Itmp/gen3 -IF:/MyProject/Python-3.12.12/harmony_deps/aarch64/include/libpng16 -IF:/MyProject/Python-3.12.12/harmony_deps/aarch64/include -IF:/MyProject/third_party_ffmpeg/install-harmony-aarch64/include -IF:/MyProject/Python-3.9.25/Include -c tmp/gen3/renpy.audio.renpysound.c -o build/harmony39-aarch64/temp/tmp/gen3/renpy.audio.renpysound.o -std=gnu99 -Wno-unused-function
  [harmony_setup] Replaced host Python lib 'python3.14' with 'python3.9'
C:/msys64/ohos-sdk/llvm/bin/clang.exe --target=aarch64-unknown-linux-ohos --sysroot=C:/msys64/ohos-sdk/sysroot -D__MUSL__ -shared -LF:/MyProject/workspace_temp/build_py39_aarch64 -LF:/MyProject/Python-3.12.12/harmony_deps/aarch64/lib -LF:/MyProject/third_party_ffmpeg/install-harmony-aarch64/lib -lpython3.9 -IF:/MyProject/Python-3.9.25/Include -IF:/MyProject/workspace_temp/build_py39_aarch64 -IF:/MyProject/Python-3.12.12/harmony_deps/aarch64/include -IF:/MyProject/Python-3.12.12/harmony_deps/aarch64/include/SDL2 -IF:/MyProject/third_party_ffmpeg/install-harmony-aarch64/include -O2 -march=armv8.2-a build/harmony39-aarch64/temp/src/ffmedia.o build/harmony39-aarch64/temp/src/renpysound_core.o build/harmony39-aarch64/temp/tmp/gen3/renpy.audio.renpysound.o -LF:/MyProject/third_party_ffmpeg/install-harmony-aarch64/lib -LF:/MyProject/workspace_temp/build_py39_aarch64 -lavformat -lavcodec -lavutil -lswresample -lswscale -lSDL2 -lpython3.9 -lpython3.9 -o build/harmony39-aarch64/lib/renpy/audio/renpysound.cpython-39-x86_64-linux-ohos.so
building 'renpy.audio.filter' extension
C:/msys64/ohos-sdk/llvm/bin/clang.exe --target=aarch64-unknown-linux-ohos --sysroot=C:/msys64/ohos-sdk/sysroot -D__MUSL__ -IF:/MyProject/Python-3.9.25/Include -IF:/MyProject/workspace_temp/build_py39_aarch64 -IF:/MyProject/Python-3.12.12/harmony_deps/aarch64/include -IF:/MyProject/Python-3.12.12/harmony_deps/aarch64/include/SDL2 -IF:/MyProject/third_party_ffmpeg/install-harmony-aarch64/include -O2 -march=armv8.2-a -fPIC -Isrc -Itmp/gen3 -IF:/MyProject/Python-3.12.12/harmony_deps/aarch64/include/libpng16 -IF:/MyProject/Python-3.12.12/harmony_deps/aarch64/include -IF:/MyProject/third_party_ffmpeg/install-harmony-aarch64/include -Isrc -Itmp/gen3 -IF:/MyProject/Python-3.12.12/harmony_deps/aarch64/include/libpng16 -IF:/MyProject/Python-3.12.12/harmony_deps/aarch64/include -IF:/MyProject/third_party_ffmpeg/install-harmony-aarch64/include -IF:/MyProject/Python-3.9.25/Include -c tmp/gen3/renpy.audio.filter.c -o build/harmony39-aarch64/temp/tmp/gen3/renpy.audio.filter.o -std=gnu99 -Wno-unused-function
  [harmony_setup] Replaced host Python lib 'python3.14' with 'python3.9'
C:/msys64/ohos-sdk/llvm/bin/clang.exe --target=aarch64-unknown-linux-ohos --sysroot=C:/msys64/ohos-sdk/sysroot -D__MUSL__ -shared -LF:/MyProject/workspace_temp/build_py39_aarch64 -LF:/MyProject/Python-3.12.12/harmony_deps/aarch64/lib -LF:/MyProject/third_party_ffmpeg/install-harmony-aarch64/lib -lpython3.9 -IF:/MyProject/Python-3.9.25/Include -IF:/MyProject/workspace_temp/build_py39_aarch64 -IF:/MyProject/Python-3.12.12/harmony_deps/aarch64/include -IF:/MyProject/Python-3.12.12/harmony_deps/aarch64/include/SDL2 -IF:/MyProject/third_party_ffmpeg/install-harmony-aarch64/include -O2 -march=armv8.2-a build/harmony39-aarch64/temp/tmp/gen3/renpy.audio.filter.o -LF:/MyProject/workspace_temp/build_py39_aarch64 -lpython3.9 -lpython3.9 -o build/harmony39-aarch64/lib/renpy/audio/filter.cpython-39-x86_64-linux-ohos.so
building 'renpy.styledata.styleclass' extension
C:/msys64/ohos-sdk/llvm/bin/clang.exe --target=aarch64-unknown-linux-ohos --sysroot=C:/msys64/ohos-sdk/sysroot -D__MUSL__ -IF:/MyProject/Python-3.9.25/Include -IF:/MyProject/workspace_temp/build_py39_aarch64 -IF:/MyProject/Python-3.12.12/harmony_deps/aarch64/include -IF:/MyProject/Python-3.12.12/harmony_deps/aarch64/include/SDL2 -IF:/MyProject/third_party_ffmpeg/install-harmony-aarch64/include -O2 -march=armv8.2-a -fPIC -Isrc -Itmp/gen3 -IF:/MyProject/Python-3.12.12/harmony_deps/aarch64/include/libpng16 -IF:/MyProject/Python-3.12.12/harmony_deps/aarch64/include -IF:/MyProject/third_party_ffmpeg/install-harmony-aarch64/include -Isrc -Itmp/gen3 -IF:/MyProject/Python-3.12.12/harmony_deps/aarch64/include/libpng16 -IF:/MyProject/Python-3.12.12/harmony_deps/aarch64/include -IF:/MyProject/third_party_ffmpeg/install-harmony-aarch64/include -IF:/MyProject/Python-3.9.25/Include -c tmp/gen3/renpy.styledata.styleclass.c -o build/harmony39-aarch64/temp/tmp/gen3/renpy.styledata.styleclass.o -std=gnu99 -Wno-unused-function
  [harmony_setup] Replaced host Python lib 'python3.14' with 'python3.9'
C:/msys64/ohos-sdk/llvm/bin/clang.exe --target=aarch64-unknown-linux-ohos --sysroot=C:/msys64/ohos-sdk/sysroot -D__MUSL__ -shared -LF:/MyProject/workspace_temp/build_py39_aarch64 -LF:/MyProject/Python-3.12.12/harmony_deps/aarch64/lib -LF:/MyProject/third_party_ffmpeg/install-harmony-aarch64/lib -lpython3.9 -IF:/MyProject/Python-3.9.25/Include -IF:/MyProject/workspace_temp/build_py39_aarch64 -IF:/MyProject/Python-3.12.12/harmony_deps/aarch64/include -IF:/MyProject/Python-3.12.12/harmony_deps/aarch64/include/SDL2 -IF:/MyProject/third_party_ffmpeg/install-harmony-aarch64/include -O2 -march=armv8.2-a build/harmony39-aarch64/temp/tmp/gen3/renpy.styledata.styleclass.o -LF:/MyProject/workspace_temp/build_py39_aarch64 -lpython3.9 -lpython3.9 -o build/harmony39-aarch64/lib/renpy/styledata/styleclass.cpython-39-x86_64-linux-ohos.so
building 'renpy.styledata.stylesets' extension
C:/msys64/ohos-sdk/llvm/bin/clang.exe --target=aarch64-unknown-linux-ohos --sysroot=C:/msys64/ohos-sdk/sysroot -D__MUSL__ -IF:/MyProject/Python-3.9.25/Include -IF:/MyProject/workspace_temp/build_py39_aarch64 -IF:/MyProject/Python-3.12.12/harmony_deps/aarch64/include -IF:/MyProject/Python-3.12.12/harmony_deps/aarch64/include/SDL2 -IF:/MyProject/third_party_ffmpeg/install-harmony-aarch64/include -O2 -march=armv8.2-a -fPIC -Isrc -Itmp/gen3 -IF:/MyProject/Python-3.12.12/harmony_deps/aarch64/include/libpng16 -IF:/MyProject/Python-3.12.12/harmony_deps/aarch64/include -IF:/MyProject/third_party_ffmpeg/install-harmony-aarch64/include -Isrc -Itmp/gen3 -IF:/MyProject/Python-3.12.12/harmony_deps/aarch64/include/libpng16 -IF:/MyProject/Python-3.12.12/harmony_deps/aarch64/include -IF:/MyProject/third_party_ffmpeg/install-harmony-aarch64/include -IF:/MyProject/Python-3.9.25/Include -c tmp/gen3/renpy.styledata.stylesets.c -o build/harmony39-aarch64/temp/tmp/gen3/renpy.styledata.stylesets.o -std=gnu99 -Wno-unused-function
  [harmony_setup] Replaced host Python lib 'python3.14' with 'python3.9'
C:/msys64/ohos-sdk/llvm/bin/clang.exe --target=aarch64-unknown-linux-ohos --sysroot=C:/msys64/ohos-sdk/sysroot -D__MUSL__ -shared -LF:/MyProject/workspace_temp/build_py39_aarch64 -LF:/MyProject/Python-3.12.12/harmony_deps/aarch64/lib -LF:/MyProject/third_party_ffmpeg/install-harmony-aarch64/lib -lpython3.9 -IF:/MyProject/Python-3.9.25/Include -IF:/MyProject/workspace_temp/build_py39_aarch64 -IF:/MyProject/Python-3.12.12/harmony_deps/aarch64/include -IF:/MyProject/Python-3.12.12/harmony_deps/aarch64/include/SDL2 -IF:/MyProject/third_party_ffmpeg/install-harmony-aarch64/include -O2 -march=armv8.2-a build/harmony39-aarch64/temp/tmp/gen3/renpy.styledata.stylesets.o -LF:/MyProject/workspace_temp/build_py39_aarch64 -lpython3.9 -lpython3.9 -o build/harmony39-aarch64/lib/renpy/styledata/stylesets.cpython-39-x86_64-linux-ohos.so
building 'renpy.styledata.style_selected_hover_functions' extension
C:/msys64/ohos-sdk/llvm/bin/clang.exe --target=aarch64-unknown-linux-ohos --sysroot=C:/msys64/ohos-sdk/sysroot -D__MUSL__ -IF:/MyProject/Python-3.9.25/Include -IF:/MyProject/workspace_temp/build_py39_aarch64 -IF:/MyProject/Python-3.12.12/harmony_deps/aarch64/include -IF:/MyProject/Python-3.12.12/harmony_deps/aarch64/include/SDL2 -IF:/MyProject/third_party_ffmpeg/install-harmony-aarch64/include -O2 -march=armv8.2-a -fPIC -Isrc -Itmp/gen3 -IF:/MyProject/Python-3.12.12/harmony_deps/aarch64/include/libpng16 -IF:/MyProject/Python-3.12.12/harmony_deps/aarch64/include -IF:/MyProject/third_party_ffmpeg/install-harmony-aarch64/include -Isrc -Itmp/gen3 -IF:/MyProject/Python-3.12.12/harmony_deps/aarch64/include/libpng16 -IF:/MyProject/Python-3.12.12/harmony_deps/aarch64/include -IF:/MyProject/third_party_ffmpeg/install-harmony-aarch64/include -IF:/MyProject/Python-3.9.25/Include -c tmp/gen3/renpy.styledata.style_selected_hover_functions.c -o build/harmony39-aarch64/temp/tmp/gen3/renpy.styledata.style_selected_hover_functions.o -std=gnu99 -Wno-unused-function
  [harmony_setup] Replaced host Python lib 'python3.14' with 'python3.9'
C:/msys64/ohos-sdk/llvm/bin/clang.exe --target=aarch64-unknown-linux-ohos --sysroot=C:/msys64/ohos-sdk/sysroot -D__MUSL__ -shared -LF:/MyProject/workspace_temp/build_py39_aarch64 -LF:/MyProject/Python-3.12.12/harmony_deps/aarch64/lib -LF:/MyProject/third_party_ffmpeg/install-harmony-aarch64/lib -lpython3.9 -IF:/MyProject/Python-3.9.25/Include -IF:/MyProject/workspace_temp/build_py39_aarch64 -IF:/MyProject/Python-3.12.12/harmony_deps/aarch64/include -IF:/MyProject/Python-3.12.12/harmony_deps/aarch64/include/SDL2 -IF:/MyProject/third_party_ffmpeg/install-harmony-aarch64/include -O2 -march=armv8.2-a build/harmony39-aarch64/temp/tmp/gen3/renpy.styledata.style_selected_hover_functions.o -LF:/MyProject/workspace_temp/build_py39_aarch64 -lpython3.9 -lpython3.9 -o build/harmony39-aarch64/lib/renpy/styledata/style_selected_hover_functions.cpython-39-x86_64-linux-ohos.so
building 'renpy.styledata.style_selected_idle_functions' extension
C:/msys64/ohos-sdk/llvm/bin/clang.exe --target=aarch64-unknown-linux-ohos --sysroot=C:/msys64/ohos-sdk/sysroot -D__MUSL__ -IF:/MyProject/Python-3.9.25/Include -IF:/MyProject/workspace_temp/build_py39_aarch64 -IF:/MyProject/Python-3.12.12/harmony_deps/aarch64/include -IF:/MyProject/Python-3.12.12/harmony_deps/aarch64/include/SDL2 -IF:/MyProject/third_party_ffmpeg/install-harmony-aarch64/include -O2 -march=armv8.2-a -fPIC -Isrc -Itmp/gen3 -IF:/MyProject/Python-3.12.12/harmony_deps/aarch64/include/libpng16 -IF:/MyProject/Python-3.12.12/harmony_deps/aarch64/include -IF:/MyProject/third_party_ffmpeg/install-harmony-aarch64/include -Isrc -Itmp/gen3 -IF:/MyProject/Python-3.12.12/harmony_deps/aarch64/include/libpng16 -IF:/MyProject/Python-3.12.12/harmony_deps/aarch64/include -IF:/MyProject/third_party_ffmpeg/install-harmony-aarch64/include -IF:/MyProject/Python-3.9.25/Include -c tmp/gen3/renpy.styledata.style_selected_idle_functions.c -o build/harmony39-aarch64/temp/tmp/gen3/renpy.styledata.style_selected_idle_functions.o -std=gnu99 -Wno-unused-function
  [harmony_setup] Replaced host Python lib 'python3.14' with 'python3.9'
C:/msys64/ohos-sdk/llvm/bin/clang.exe --target=aarch64-unknown-linux-ohos --sysroot=C:/msys64/ohos-sdk/sysroot -D__MUSL__ -shared -LF:/MyProject/workspace_temp/build_py39_aarch64 -LF:/MyProject/Python-3.12.12/harmony_deps/aarch64/lib -LF:/MyProject/third_party_ffmpeg/install-harmony-aarch64/lib -lpython3.9 -IF:/MyProject/Python-3.9.25/Include -IF:/MyProject/workspace_temp/build_py39_aarch64 -IF:/MyProject/Python-3.12.12/harmony_deps/aarch64/include -IF:/MyProject/Python-3.12.12/harmony_deps/aarch64/include/SDL2 -IF:/MyProject/third_party_ffmpeg/install-harmony-aarch64/include -O2 -march=armv8.2-a build/harmony39-aarch64/temp/tmp/gen3/renpy.styledata.style_selected_idle_functions.o -LF:/MyProject/workspace_temp/build_py39_aarch64 -lpython3.9 -lpython3.9 -o build/harmony39-aarch64/lib/renpy/styledata/style_selected_idle_functions.cpython-39-x86_64-linux-ohos.so
building 'renpy.styledata.style_selected_insensitive_functions' extension
C:/msys64/ohos-sdk/llvm/bin/clang.exe --target=aarch64-unknown-linux-ohos --sysroot=C:/msys64/ohos-sdk/sysroot -D__MUSL__ -IF:/MyProject/Python-3.9.25/Include -IF:/MyProject/workspace_temp/build_py39_aarch64 -IF:/MyProject/Python-3.12.12/harmony_deps/aarch64/include -IF:/MyProject/Python-3.12.12/harmony_deps/aarch64/include/SDL2 -IF:/MyProject/third_party_ffmpeg/install-harmony-aarch64/include -O2 -march=armv8.2-a -fPIC -Isrc -Itmp/gen3 -IF:/MyProject/Python-3.12.12/harmony_deps/aarch64/include/libpng16 -IF:/MyProject/Python-3.12.12/harmony_deps/aarch64/include -IF:/MyProject/third_party_ffmpeg/install-harmony-aarch64/include -Isrc -Itmp/gen3 -IF:/MyProject/Python-3.12.12/harmony_deps/aarch64/include/libpng16 -IF:/MyProject/Python-3.12.12/harmony_deps/aarch64/include -IF:/MyProject/third_party_ffmpeg/install-harmony-aarch64/include -IF:/MyProject/Python-3.9.25/Include -c tmp/gen3/renpy.styledata.style_selected_insensitive_functions.c -o build/harmony39-aarch64/temp/tmp/gen3/renpy.styledata.style_selected_insensitive_functions.o -std=gnu99 -Wno-unused-function
  [harmony_setup] Replaced host Python lib 'python3.14' with 'python3.9'
C:/msys64/ohos-sdk/llvm/bin/clang.exe --target=aarch64-unknown-linux-ohos --sysroot=C:/msys64/ohos-sdk/sysroot -D__MUSL__ -shared -LF:/MyProject/workspace_temp/build_py39_aarch64 -LF:/MyProject/Python-3.12.12/harmony_deps/aarch64/lib -LF:/MyProject/third_party_ffmpeg/install-harmony-aarch64/lib -lpython3.9 -IF:/MyProject/Python-3.9.25/Include -IF:/MyProject/workspace_temp/build_py39_aarch64 -IF:/MyProject/Python-3.12.12/harmony_deps/aarch64/include -IF:/MyProject/Python-3.12.12/harmony_deps/aarch64/include/SDL2 -IF:/MyProject/third_party_ffmpeg/install-harmony-aarch64/include -O2 -march=armv8.2-a build/harmony39-aarch64/temp/tmp/gen3/renpy.styledata.style_selected_insensitive_functions.o -LF:/MyProject/workspace_temp/build_py39_aarch64 -lpython3.9 -lpython3.9 -o build/harmony39-aarch64/lib/renpy/styledata/style_selected_insensitive_functions.cpython-39-x86_64-linux-ohos.so
building 'renpy.styledata.style_selected_functions' extension
C:/msys64/ohos-sdk/llvm/bin/clang.exe --target=aarch64-unknown-linux-ohos --sysroot=C:/msys64/ohos-sdk/sysroot -D__MUSL__ -IF:/MyProject/Python-3.9.25/Include -IF:/MyProject/workspace_temp/build_py39_aarch64 -IF:/MyProject/Python-3.12.12/harmony_deps/aarch64/include -IF:/MyProject/Python-3.12.12/harmony_deps/aarch64/include/SDL2 -IF:/MyProject/third_party_ffmpeg/install-harmony-aarch64/include -O2 -march=armv8.2-a -fPIC -Isrc -Itmp/gen3 -IF:/MyProject/Python-3.12.12/harmony_deps/aarch64/include/libpng16 -IF:/MyProject/Python-3.12.12/harmony_deps/aarch64/include -IF:/MyProject/third_party_ffmpeg/install-harmony-aarch64/include -Isrc -Itmp/gen3 -IF:/MyProject/Python-3.12.12/harmony_deps/aarch64/include/libpng16 -IF:/MyProject/Python-3.12.12/harmony_deps/aarch64/include -IF:/MyProject/third_party_ffmpeg/install-harmony-aarch64/include -IF:/MyProject/Python-3.9.25/Include -c tmp/gen3/renpy.styledata.style_selected_functions.c -o build/harmony39-aarch64/temp/tmp/gen3/renpy.styledata.style_selected_functions.o -std=gnu99 -Wno-unused-function
  [harmony_setup] Replaced host Python lib 'python3.14' with 'python3.9'
C:/msys64/ohos-sdk/llvm/bin/clang.exe --target=aarch64-unknown-linux-ohos --sysroot=C:/msys64/ohos-sdk/sysroot -D__MUSL__ -shared -LF:/MyProject/workspace_temp/build_py39_aarch64 -LF:/MyProject/Python-3.12.12/harmony_deps/aarch64/lib -LF:/MyProject/third_party_ffmpeg/install-harmony-aarch64/lib -lpython3.9 -IF:/MyProject/Python-3.9.25/Include -IF:/MyProject/workspace_temp/build_py39_aarch64 -IF:/MyProject/Python-3.12.12/harmony_deps/aarch64/include -IF:/MyProject/Python-3.12.12/harmony_deps/aarch64/include/SDL2 -IF:/MyProject/third_party_ffmpeg/install-harmony-aarch64/include -O2 -march=armv8.2-a build/harmony39-aarch64/temp/tmp/gen3/renpy.styledata.style_selected_functions.o -LF:/MyProject/workspace_temp/build_py39_aarch64 -lpython3.9 -lpython3.9 -o build/harmony39-aarch64/lib/renpy/styledata/style_selected_functions.cpython-39-x86_64-linux-ohos.so
building 'renpy.styledata.style_hover_functions' extension
C:/msys64/ohos-sdk/llvm/bin/clang.exe --target=aarch64-unknown-linux-ohos --sysroot=C:/msys64/ohos-sdk/sysroot -D__MUSL__ -IF:/MyProject/Python-3.9.25/Include -IF:/MyProject/workspace_temp/build_py39_aarch64 -IF:/MyProject/Python-3.12.12/harmony_deps/aarch64/include -IF:/MyProject/Python-3.12.12/harmony_deps/aarch64/include/SDL2 -IF:/MyProject/third_party_ffmpeg/install-harmony-aarch64/include -O2 -march=armv8.2-a -fPIC -Isrc -Itmp/gen3 -IF:/MyProject/Python-3.12.12/harmony_deps/aarch64/include/libpng16 -IF:/MyProject/Python-3.12.12/harmony_deps/aarch64/include -IF:/MyProject/third_party_ffmpeg/install-harmony-aarch64/include -Isrc -Itmp/gen3 -IF:/MyProject/Python-3.12.12/harmony_deps/aarch64/include/libpng16 -IF:/MyProject/Python-3.12.12/harmony_deps/aarch64/include -IF:/MyProject/third_party_ffmpeg/install-harmony-aarch64/include -IF:/MyProject/Python-3.9.25/Include -c tmp/gen3/renpy.styledata.style_hover_functions.c -o build/harmony39-aarch64/temp/tmp/gen3/renpy.styledata.style_hover_functions.o -std=gnu99 -Wno-unused-function
  [harmony_setup] Replaced host Python lib 'python3.14' with 'python3.9'
C:/msys64/ohos-sdk/llvm/bin/clang.exe --target=aarch64-unknown-linux-ohos --sysroot=C:/msys64/ohos-sdk/sysroot -D__MUSL__ -shared -LF:/MyProject/workspace_temp/build_py39_aarch64 -LF:/MyProject/Python-3.12.12/harmony_deps/aarch64/lib -LF:/MyProject/third_party_ffmpeg/install-harmony-aarch64/lib -lpython3.9 -IF:/MyProject/Python-3.9.25/Include -IF:/MyProject/workspace_temp/build_py39_aarch64 -IF:/MyProject/Python-3.12.12/harmony_deps/aarch64/include -IF:/MyProject/Python-3.12.12/harmony_deps/aarch64/include/SDL2 -IF:/MyProject/third_party_ffmpeg/install-harmony-aarch64/include -O2 -march=armv8.2-a build/harmony39-aarch64/temp/tmp/gen3/renpy.styledata.style_hover_functions.o -LF:/MyProject/workspace_temp/build_py39_aarch64 -lpython3.9 -lpython3.9 -o build/harmony39-aarch64/lib/renpy/styledata/style_hover_functions.cpython-39-x86_64-linux-ohos.so
building 'renpy.styledata.style_idle_functions' extension
C:/msys64/ohos-sdk/llvm/bin/clang.exe --target=aarch64-unknown-linux-ohos --sysroot=C:/msys64/ohos-sdk/sysroot -D__MUSL__ -IF:/MyProject/Python-3.9.25/Include -IF:/MyProject/workspace_temp/build_py39_aarch64 -IF:/MyProject/Python-3.12.12/harmony_deps/aarch64/include -IF:/MyProject/Python-3.12.12/harmony_deps/aarch64/include/SDL2 -IF:/MyProject/third_party_ffmpeg/install-harmony-aarch64/include -O2 -march=armv8.2-a -fPIC -Isrc -Itmp/gen3 -IF:/MyProject/Python-3.12.12/harmony_deps/aarch64/include/libpng16 -IF:/MyProject/Python-3.12.12/harmony_deps/aarch64/include -IF:/MyProject/third_party_ffmpeg/install-harmony-aarch64/include -Isrc -Itmp/gen3 -IF:/MyProject/Python-3.12.12/harmony_deps/aarch64/include/libpng16 -IF:/MyProject/Python-3.12.12/harmony_deps/aarch64/include -IF:/MyProject/third_party_ffmpeg/install-harmony-aarch64/include -IF:/MyProject/Python-3.9.25/Include -c tmp/gen3/renpy.styledata.style_idle_functions.c -o build/harmony39-aarch64/temp/tmp/gen3/renpy.styledata.style_idle_functions.o -std=gnu99 -Wno-unused-function
  [harmony_setup] Replaced host Python lib 'python3.14' with 'python3.9'
C:/msys64/ohos-sdk/llvm/bin/clang.exe --target=aarch64-unknown-linux-ohos --sysroot=C:/msys64/ohos-sdk/sysroot -D__MUSL__ -shared -LF:/MyProject/workspace_temp/build_py39_aarch64 -LF:/MyProject/Python-3.12.12/harmony_deps/aarch64/lib -LF:/MyProject/third_party_ffmpeg/install-harmony-aarch64/lib -lpython3.9 -IF:/MyProject/Python-3.9.25/Include -IF:/MyProject/workspace_temp/build_py39_aarch64 -IF:/MyProject/Python-3.12.12/harmony_deps/aarch64/include -IF:/MyProject/Python-3.12.12/harmony_deps/aarch64/include/SDL2 -IF:/MyProject/third_party_ffmpeg/install-harmony-aarch64/include -O2 -march=armv8.2-a build/harmony39-aarch64/temp/tmp/gen3/renpy.styledata.style_idle_functions.o -LF:/MyProject/workspace_temp/build_py39_aarch64 -lpython3.9 -lpython3.9 -o build/harmony39-aarch64/lib/renpy/styledata/style_idle_functions.cpython-39-x86_64-linux-ohos.so
building 'renpy.styledata.style_insensitive_functions' extension
C:/msys64/ohos-sdk/llvm/bin/clang.exe --target=aarch64-unknown-linux-ohos --sysroot=C:/msys64/ohos-sdk/sysroot -D__MUSL__ -IF:/MyProject/Python-3.9.25/Include -IF:/MyProject/workspace_temp/build_py39_aarch64 -IF:/MyProject/Python-3.12.12/harmony_deps/aarch64/include -IF:/MyProject/Python-3.12.12/harmony_deps/aarch64/include/SDL2 -IF:/MyProject/third_party_ffmpeg/install-harmony-aarch64/include -O2 -march=armv8.2-a -fPIC -Isrc -Itmp/gen3 -IF:/MyProject/Python-3.12.12/harmony_deps/aarch64/include/libpng16 -IF:/MyProject/Python-3.12.12/harmony_deps/aarch64/include -IF:/MyProject/third_party_ffmpeg/install-harmony-aarch64/include -Isrc -Itmp/gen3 -IF:/MyProject/Python-3.12.12/harmony_deps/aarch64/include/libpng16 -IF:/MyProject/Python-3.12.12/harmony_deps/aarch64/include -IF:/MyProject/third_party_ffmpeg/install-harmony-aarch64/include -IF:/MyProject/Python-3.9.25/Include -c tmp/gen3/renpy.styledata.style_insensitive_functions.c -o build/harmony39-aarch64/temp/tmp/gen3/renpy.styledata.style_insensitive_functions.o -std=gnu99 -Wno-unused-function
  [harmony_setup] Replaced host Python lib 'python3.14' with 'python3.9'
C:/msys64/ohos-sdk/llvm/bin/clang.exe --target=aarch64-unknown-linux-ohos --sysroot=C:/msys64/ohos-sdk/sysroot -D__MUSL__ -shared -LF:/MyProject/workspace_temp/build_py39_aarch64 -LF:/MyProject/Python-3.12.12/harmony_deps/aarch64/lib -LF:/MyProject/third_party_ffmpeg/install-harmony-aarch64/lib -lpython3.9 -IF:/MyProject/Python-3.9.25/Include -IF:/MyProject/workspace_temp/build_py39_aarch64 -IF:/MyProject/Python-3.12.12/harmony_deps/aarch64/include -IF:/MyProject/Python-3.12.12/harmony_deps/aarch64/include/SDL2 -IF:/MyProject/third_party_ffmpeg/install-harmony-aarch64/include -O2 -march=armv8.2-a build/harmony39-aarch64/temp/tmp/gen3/renpy.styledata.style_insensitive_functions.o -LF:/MyProject/workspace_temp/build_py39_aarch64 -lpython3.9 -lpython3.9 -o build/harmony39-aarch64/lib/renpy/styledata/style_insensitive_functions.cpython-39-x86_64-linux-ohos.so
building 'renpy.styledata.style_functions' extension
C:/msys64/ohos-sdk/llvm/bin/clang.exe --target=aarch64-unknown-linux-ohos --sysroot=C:/msys64/ohos-sdk/sysroot -D__MUSL__ -IF:/MyProject/Python-3.9.25/Include -IF:/MyProject/workspace_temp/build_py39_aarch64 -IF:/MyProject/Python-3.12.12/harmony_deps/aarch64/include -IF:/MyProject/Python-3.12.12/harmony_deps/aarch64/include/SDL2 -IF:/MyProject/third_party_ffmpeg/install-harmony-aarch64/include -O2 -march=armv8.2-a -fPIC -Isrc -Itmp/gen3 -IF:/MyProject/Python-3.12.12/harmony_deps/aarch64/include/libpng16 -IF:/MyProject/Python-3.12.12/harmony_deps/aarch64/include -IF:/MyProject/third_party_ffmpeg/install-harmony-aarch64/include -Isrc -Itmp/gen3 -IF:/MyProject/Python-3.12.12/harmony_deps/aarch64/include/libpng16 -IF:/MyProject/Python-3.12.12/harmony_deps/aarch64/include -IF:/MyProject/third_party_ffmpeg/install-harmony-aarch64/include -IF:/MyProject/Python-3.9.25/Include -c tmp/gen3/renpy.styledata.style_functions.c -o build/harmony39-aarch64/temp/tmp/gen3/renpy.styledata.style_functions.o -std=gnu99 -Wno-unused-function
  [harmony_setup] Replaced host Python lib 'python3.14' with 'python3.9'
C:/msys64/ohos-sdk/llvm/bin/clang.exe --target=aarch64-unknown-linux-ohos --sysroot=C:/msys64/ohos-sdk/sysroot -D__MUSL__ -shared -LF:/MyProject/workspace_temp/build_py39_aarch64 -LF:/MyProject/Python-3.12.12/harmony_deps/aarch64/lib -LF:/MyProject/third_party_ffmpeg/install-harmony-aarch64/lib -lpython3.9 -IF:/MyProject/Python-3.9.25/Include -IF:/MyProject/workspace_temp/build_py39_aarch64 -IF:/MyProject/Python-3.12.12/harmony_deps/aarch64/include -IF:/MyProject/Python-3.12.12/harmony_deps/aarch64/include/SDL2 -IF:/MyProject/third_party_ffmpeg/install-harmony-aarch64/include -O2 -march=armv8.2-a build/harmony39-aarch64/temp/tmp/gen3/renpy.styledata.style_functions.o -LF:/MyProject/workspace_temp/build_py39_aarch64 -lpython3.9 -lpython3.9 -o build/harmony39-aarch64/lib/renpy/styledata/style_functions.cpython-39-x86_64-linux-ohos.so
building 'renpy.styledata.style_activate_functions' extension
C:/msys64/ohos-sdk/llvm/bin/clang.exe --target=aarch64-unknown-linux-ohos --sysroot=C:/msys64/ohos-sdk/sysroot -D__MUSL__ -IF:/MyProject/Python-3.9.25/Include -IF:/MyProject/workspace_temp/build_py39_aarch64 -IF:/MyProject/Python-3.12.12/harmony_deps/aarch64/include -IF:/MyProject/Python-3.12.12/harmony_deps/aarch64/include/SDL2 -IF:/MyProject/third_party_ffmpeg/install-harmony-aarch64/include -O2 -march=armv8.2-a -fPIC -Isrc -Itmp/gen3 -IF:/MyProject/Python-3.12.12/harmony_deps/aarch64/include/libpng16 -IF:/MyProject/Python-3.12.12/harmony_deps/aarch64/include -IF:/MyProject/third_party_ffmpeg/install-harmony-aarch64/include -Isrc -Itmp/gen3 -IF:/MyProject/Python-3.12.12/harmony_deps/aarch64/include/libpng16 -IF:/MyProject/Python-3.12.12/harmony_deps/aarch64/include -IF:/MyProject/third_party_ffmpeg/install-harmony-aarch64/include -IF:/MyProject/Python-3.9.25/Include -c tmp/gen3/renpy.styledata.style_activate_functions.c -o build/harmony39-aarch64/temp/tmp/gen3/renpy.styledata.style_activate_functions.o -std=gnu99 -Wno-unused-function
  [harmony_setup] Replaced host Python lib 'python3.14' with 'python3.9'
C:/msys64/ohos-sdk/llvm/bin/clang.exe --target=aarch64-unknown-linux-ohos --sysroot=C:/msys64/ohos-sdk/sysroot -D__MUSL__ -shared -LF:/MyProject/workspace_temp/build_py39_aarch64 -LF:/MyProject/Python-3.12.12/harmony_deps/aarch64/lib -LF:/MyProject/third_party_ffmpeg/install-harmony-aarch64/lib -lpython3.9 -IF:/MyProject/Python-3.9.25/Include -IF:/MyProject/workspace_temp/build_py39_aarch64 -IF:/MyProject/Python-3.12.12/harmony_deps/aarch64/include -IF:/MyProject/Python-3.12.12/harmony_deps/aarch64/include/SDL2 -IF:/MyProject/third_party_ffmpeg/install-harmony-aarch64/include -O2 -march=armv8.2-a build/harmony39-aarch64/temp/tmp/gen3/renpy.styledata.style_activate_functions.o -LF:/MyProject/workspace_temp/build_py39_aarch64 -lpython3.9 -lpython3.9 -o build/harmony39-aarch64/lib/renpy/styledata/style_activate_functions.cpython-39-x86_64-linux-ohos.so
building 'renpy.styledata.style_selected_activate_functions' extension
C:/msys64/ohos-sdk/llvm/bin/clang.exe --target=aarch64-unknown-linux-ohos --sysroot=C:/msys64/ohos-sdk/sysroot -D__MUSL__ -IF:/MyProject/Python-3.9.25/Include -IF:/MyProject/workspace_temp/build_py39_aarch64 -IF:/MyProject/Python-3.12.12/harmony_deps/aarch64/include -IF:/MyProject/Python-3.12.12/harmony_deps/aarch64/include/SDL2 -IF:/MyProject/third_party_ffmpeg/install-harmony-aarch64/include -O2 -march=armv8.2-a -fPIC -Isrc -Itmp/gen3 -IF:/MyProject/Python-3.12.12/harmony_deps/aarch64/include/libpng16 -IF:/MyProject/Python-3.12.12/harmony_deps/aarch64/include -IF:/MyProject/third_party_ffmpeg/install-harmony-aarch64/include -Isrc -Itmp/gen3 -IF:/MyProject/Python-3.12.12/harmony_deps/aarch64/include/libpng16 -IF:/MyProject/Python-3.12.12/harmony_deps/aarch64/include -IF:/MyProject/third_party_ffmpeg/install-harmony-aarch64/include -IF:/MyProject/Python-3.9.25/Include -c tmp/gen3/renpy.styledata.style_selected_activate_functions.c -o build/harmony39-aarch64/temp/tmp/gen3/renpy.styledata.style_selected_activate_functions.o -std=gnu99 -Wno-unused-function
  [harmony_setup] Replaced host Python lib 'python3.14' with 'python3.9'
C:/msys64/ohos-sdk/llvm/bin/clang.exe --target=aarch64-unknown-linux-ohos --sysroot=C:/msys64/ohos-sdk/sysroot -D__MUSL__ -shared -LF:/MyProject/workspace_temp/build_py39_aarch64 -LF:/MyProject/Python-3.12.12/harmony_deps/aarch64/lib -LF:/MyProject/third_party_ffmpeg/install-harmony-aarch64/lib -lpython3.9 -IF:/MyProject/Python-3.9.25/Include -IF:/MyProject/workspace_temp/build_py39_aarch64 -IF:/MyProject/Python-3.12.12/harmony_deps/aarch64/include -IF:/MyProject/Python-3.12.12/harmony_deps/aarch64/include/SDL2 -IF:/MyProject/third_party_ffmpeg/install-harmony-aarch64/include -O2 -march=armv8.2-a build/harmony39-aarch64/temp/tmp/gen3/renpy.styledata.style_selected_activate_functions.o -LF:/MyProject/workspace_temp/build_py39_aarch64 -lpython3.9 -lpython3.9 -o build/harmony39-aarch64/lib/renpy/styledata/style_selected_activate_functions.cpython-39-x86_64-linux-ohos.so
building 'renpy.display.matrix' extension
C:/msys64/ohos-sdk/llvm/bin/clang.exe --target=aarch64-unknown-linux-ohos --sysroot=C:/msys64/ohos-sdk/sysroot -D__MUSL__ -IF:/MyProject/Python-3.9.25/Include -IF:/MyProject/workspace_temp/build_py39_aarch64 -IF:/MyProject/Python-3.12.12/harmony_deps/aarch64/include -IF:/MyProject/Python-3.12.12/harmony_deps/aarch64/include/SDL2 -IF:/MyProject/third_party_ffmpeg/install-harmony-aarch64/include -O2 -march=armv8.2-a -fPIC -Isrc -Itmp/gen3 -IF:/MyProject/Python-3.12.12/harmony_deps/aarch64/include/libpng16 -IF:/MyProject/Python-3.12.12/harmony_deps/aarch64/include -IF:/MyProject/third_party_ffmpeg/install-harmony-aarch64/include -Isrc -Itmp/gen3 -IF:/MyProject/Python-3.12.12/harmony_deps/aarch64/include/libpng16 -IF:/MyProject/Python-3.12.12/harmony_deps/aarch64/include -IF:/MyProject/third_party_ffmpeg/install-harmony-aarch64/include -IF:/MyProject/Python-3.9.25/Include -c tmp/gen3/renpy.display.matrix.c -o build/harmony39-aarch64/temp/tmp/gen3/renpy.display.matrix.o -std=gnu99 -Wno-unused-function
  [harmony_setup] Replaced host Python lib 'python3.14' with 'python3.9'
C:/msys64/ohos-sdk/llvm/bin/clang.exe --target=aarch64-unknown-linux-ohos --sysroot=C:/msys64/ohos-sdk/sysroot -D__MUSL__ -shared -LF:/MyProject/workspace_temp/build_py39_aarch64 -LF:/MyProject/Python-3.12.12/harmony_deps/aarch64/lib -LF:/MyProject/third_party_ffmpeg/install-harmony-aarch64/lib -lpython3.9 -IF:/MyProject/Python-3.9.25/Include -IF:/MyProject/workspace_temp/build_py39_aarch64 -IF:/MyProject/Python-3.12.12/harmony_deps/aarch64/include -IF:/MyProject/Python-3.12.12/harmony_deps/aarch64/include/SDL2 -IF:/MyProject/third_party_ffmpeg/install-harmony-aarch64/include -O2 -march=armv8.2-a build/harmony39-aarch64/temp/tmp/gen3/renpy.display.matrix.o -LF:/MyProject/workspace_temp/build_py39_aarch64 -lpython3.9 -lpython3.9 -o build/harmony39-aarch64/lib/renpy/display/matrix.cpython-39-x86_64-linux-ohos.so
building 'renpy.display.render' extension
C:/msys64/ohos-sdk/llvm/bin/clang.exe --target=aarch64-unknown-linux-ohos --sysroot=C:/msys64/ohos-sdk/sysroot -D__MUSL__ -IF:/MyProject/Python-3.9.25/Include -IF:/MyProject/workspace_temp/build_py39_aarch64 -IF:/MyProject/Python-3.12.12/harmony_deps/aarch64/include -IF:/MyProject/Python-3.12.12/harmony_deps/aarch64/include/SDL2 -IF:/MyProject/third_party_ffmpeg/install-harmony-aarch64/include -O2 -march=armv8.2-a -fPIC -Isrc -Itmp/gen3 -IF:/MyProject/Python-3.12.12/harmony_deps/aarch64/include/libpng16 -IF:/MyProject/Python-3.12.12/harmony_deps/aarch64/include -IF:/MyProject/third_party_ffmpeg/install-harmony-aarch64/include -Isrc -Itmp/gen3 -IF:/MyProject/Python-3.12.12/harmony_deps/aarch64/include/libpng16 -IF:/MyProject/Python-3.12.12/harmony_deps/aarch64/include -IF:/MyProject/third_party_ffmpeg/install-harmony-aarch64/include -IF:/MyProject/Python-3.9.25/Include -c tmp/gen3/renpy.display.render.c -o build/harmony39-aarch64/temp/tmp/gen3/renpy.display.render.o -std=gnu99 -Wno-unused-function
  [harmony_setup] Replaced host Python lib 'python3.14' with 'python3.9'
C:/msys64/ohos-sdk/llvm/bin/clang.exe --target=aarch64-unknown-linux-ohos --sysroot=C:/msys64/ohos-sdk/sysroot -D__MUSL__ -shared -LF:/MyProject/workspace_temp/build_py39_aarch64 -LF:/MyProject/Python-3.12.12/harmony_deps/aarch64/lib -LF:/MyProject/third_party_ffmpeg/install-harmony-aarch64/lib -lpython3.9 -IF:/MyProject/Python-3.9.25/Include -IF:/MyProject/workspace_temp/build_py39_aarch64 -IF:/MyProject/Python-3.12.12/harmony_deps/aarch64/include -IF:/MyProject/Python-3.12.12/harmony_deps/aarch64/include/SDL2 -IF:/MyProject/third_party_ffmpeg/install-harmony-aarch64/include -O2 -march=armv8.2-a build/harmony39-aarch64/temp/tmp/gen3/renpy.display.render.o -LF:/MyProject/workspace_temp/build_py39_aarch64 -lpython3.9 -lpython3.9 -o build/harmony39-aarch64/lib/renpy/display/render.cpython-39-x86_64-linux-ohos.so
building 'renpy.display.accelerator' extension
C:/msys64/ohos-sdk/llvm/bin/clang.exe --target=aarch64-unknown-linux-ohos --sysroot=C:/msys64/ohos-sdk/sysroot -D__MUSL__ -IF:/MyProject/Python-3.9.25/Include -IF:/MyProject/workspace_temp/build_py39_aarch64 -IF:/MyProject/Python-3.12.12/harmony_deps/aarch64/include -IF:/MyProject/Python-3.12.12/harmony_deps/aarch64/include/SDL2 -IF:/MyProject/third_party_ffmpeg/install-harmony-aarch64/include -O2 -march=armv8.2-a -fPIC -Isrc -Itmp/gen3 -IF:/MyProject/Python-3.12.12/harmony_deps/aarch64/include/libpng16 -IF:/MyProject/Python-3.12.12/harmony_deps/aarch64/include -IF:/MyProject/third_party_ffmpeg/install-harmony-aarch64/include -Isrc -Itmp/gen3 -IF:/MyProject/Python-3.12.12/harmony_deps/aarch64/include/libpng16 -IF:/MyProject/Python-3.12.12/harmony_deps/aarch64/include -IF:/MyProject/third_party_ffmpeg/install-harmony-aarch64/include -IF:/MyProject/Python-3.9.25/Include -c tmp/gen3/renpy.display.accelerator.c -o build/harmony39-aarch64/temp/tmp/gen3/renpy.display.accelerator.o -std=gnu99 -Wno-unused-function
  [harmony_setup] Replaced host Python lib 'python3.14' with 'python3.9'
C:/msys64/ohos-sdk/llvm/bin/clang.exe --target=aarch64-unknown-linux-ohos --sysroot=C:/msys64/ohos-sdk/sysroot -D__MUSL__ -shared -LF:/MyProject/workspace_temp/build_py39_aarch64 -LF:/MyProject/Python-3.12.12/harmony_deps/aarch64/lib -LF:/MyProject/third_party_ffmpeg/install-harmony-aarch64/lib -lpython3.9 -IF:/MyProject/Python-3.9.25/Include -IF:/MyProject/workspace_temp/build_py39_aarch64 -IF:/MyProject/Python-3.12.12/harmony_deps/aarch64/include -IF:/MyProject/Python-3.12.12/harmony_deps/aarch64/include/SDL2 -IF:/MyProject/third_party_ffmpeg/install-harmony-aarch64/include -O2 -march=armv8.2-a build/harmony39-aarch64/temp/tmp/gen3/renpy.display.accelerator.o -LF:/MyProject/workspace_temp/build_py39_aarch64 -lSDL2 -lpython3.9 -lpython3.9 -o build/harmony39-aarch64/lib/renpy/display/accelerator.cpython-39-x86_64-linux-ohos.so
building 'renpy.display.quaternion' extension
C:/msys64/ohos-sdk/llvm/bin/clang.exe --target=aarch64-unknown-linux-ohos --sysroot=C:/msys64/ohos-sdk/sysroot -D__MUSL__ -IF:/MyProject/Python-3.9.25/Include -IF:/MyProject/workspace_temp/build_py39_aarch64 -IF:/MyProject/Python-3.12.12/harmony_deps/aarch64/include -IF:/MyProject/Python-3.12.12/harmony_deps/aarch64/include/SDL2 -IF:/MyProject/third_party_ffmpeg/install-harmony-aarch64/include -O2 -march=armv8.2-a -fPIC -Isrc -Itmp/gen3 -IF:/MyProject/Python-3.12.12/harmony_deps/aarch64/include/libpng16 -IF:/MyProject/Python-3.12.12/harmony_deps/aarch64/include -IF:/MyProject/third_party_ffmpeg/install-harmony-aarch64/include -Isrc -Itmp/gen3 -IF:/MyProject/Python-3.12.12/harmony_deps/aarch64/include/libpng16 -IF:/MyProject/Python-3.12.12/harmony_deps/aarch64/include -IF:/MyProject/third_party_ffmpeg/install-harmony-aarch64/include -IF:/MyProject/Python-3.9.25/Include -c tmp/gen3/renpy.display.quaternion.c -o build/harmony39-aarch64/temp/tmp/gen3/renpy.display.quaternion.o -std=gnu99 -Wno-unused-function
  [harmony_setup] Replaced host Python lib 'python3.14' with 'python3.9'
C:/msys64/ohos-sdk/llvm/bin/clang.exe --target=aarch64-unknown-linux-ohos --sysroot=C:/msys64/ohos-sdk/sysroot -D__MUSL__ -shared -LF:/MyProject/workspace_temp/build_py39_aarch64 -LF:/MyProject/Python-3.12.12/harmony_deps/aarch64/lib -LF:/MyProject/third_party_ffmpeg/install-harmony-aarch64/lib -lpython3.9 -IF:/MyProject/Python-3.9.25/Include -IF:/MyProject/workspace_temp/build_py39_aarch64 -IF:/MyProject/Python-3.12.12/harmony_deps/aarch64/include -IF:/MyProject/Python-3.12.12/harmony_deps/aarch64/include/SDL2 -IF:/MyProject/third_party_ffmpeg/install-harmony-aarch64/include -O2 -march=armv8.2-a build/harmony39-aarch64/temp/tmp/gen3/renpy.display.quaternion.o -LF:/MyProject/workspace_temp/build_py39_aarch64 -lpython3.9 -lpython3.9 -o build/harmony39-aarch64/lib/renpy/display/quaternion.cpython-39-x86_64-linux-ohos.so
building 'renpy.uguu.gl' extension
C:/msys64/ohos-sdk/llvm/bin/clang.exe --target=aarch64-unknown-linux-ohos --sysroot=C:/msys64/ohos-sdk/sysroot -D__MUSL__ -IF:/MyProject/Python-3.9.25/Include -IF:/MyProject/workspace_temp/build_py39_aarch64 -IF:/MyProject/Python-3.12.12/harmony_deps/aarch64/include -IF:/MyProject/Python-3.12.12/harmony_deps/aarch64/include/SDL2 -IF:/MyProject/third_party_ffmpeg/install-harmony-aarch64/include -O2 -march=armv8.2-a -fPIC -Isrc -Itmp/gen3 -IF:/MyProject/Python-3.12.12/harmony_deps/aarch64/include/libpng16 -IF:/MyProject/Python-3.12.12/harmony_deps/aarch64/include -IF:/MyProject/third_party_ffmpeg/install-harmony-aarch64/include -Isrc -Itmp/gen3 -IF:/MyProject/Python-3.12.12/harmony_deps/aarch64/include/libpng16 -IF:/MyProject/Python-3.12.12/harmony_deps/aarch64/include -IF:/MyProject/third_party_ffmpeg/install-harmony-aarch64/include -IF:/MyProject/Python-3.9.25/Include -c tmp/gen3/renpy.uguu.gl.c -o build/harmony39-aarch64/temp/tmp/gen3/renpy.uguu.gl.o -std=gnu99 -Wno-unused-function
  [harmony_setup] Replaced host Python lib 'python3.14' with 'python3.9'
C:/msys64/ohos-sdk/llvm/bin/clang.exe --target=aarch64-unknown-linux-ohos --sysroot=C:/msys64/ohos-sdk/sysroot -D__MUSL__ -shared -LF:/MyProject/workspace_temp/build_py39_aarch64 -LF:/MyProject/Python-3.12.12/harmony_deps/aarch64/lib -LF:/MyProject/third_party_ffmpeg/install-harmony-aarch64/lib -lpython3.9 -IF:/MyProject/Python-3.9.25/Include -IF:/MyProject/workspace_temp/build_py39_aarch64 -IF:/MyProject/Python-3.12.12/harmony_deps/aarch64/include -IF:/MyProject/Python-3.12.12/harmony_deps/aarch64/include/SDL2 -IF:/MyProject/third_party_ffmpeg/install-harmony-aarch64/include -O2 -march=armv8.2-a build/harmony39-aarch64/temp/tmp/gen3/renpy.uguu.gl.o -LF:/MyProject/workspace_temp/build_py39_aarch64 -lSDL2 -lpython3.9 -lpython3.9 -o build/harmony39-aarch64/lib/renpy/uguu/gl.cpython-39-x86_64-linux-ohos.so
building 'renpy.uguu.uguu' extension
C:/msys64/ohos-sdk/llvm/bin/clang.exe --target=aarch64-unknown-linux-ohos --sysroot=C:/msys64/ohos-sdk/sysroot -D__MUSL__ -IF:/MyProject/Python-3.9.25/Include -IF:/MyProject/workspace_temp/build_py39_aarch64 -IF:/MyProject/Python-3.12.12/harmony_deps/aarch64/include -IF:/MyProject/Python-3.12.12/harmony_deps/aarch64/include/SDL2 -IF:/MyProject/third_party_ffmpeg/install-harmony-aarch64/include -O2 -march=armv8.2-a -fPIC -Isrc -Itmp/gen3 -IF:/MyProject/Python-3.12.12/harmony_deps/aarch64/include/libpng16 -IF:/MyProject/Python-3.12.12/harmony_deps/aarch64/include -IF:/MyProject/third_party_ffmpeg/install-harmony-aarch64/include -Isrc -Itmp/gen3 -IF:/MyProject/Python-3.12.12/harmony_deps/aarch64/include/libpng16 -IF:/MyProject/Python-3.12.12/harmony_deps/aarch64/include -IF:/MyProject/third_party_ffmpeg/install-harmony-aarch64/include -IF:/MyProject/Python-3.9.25/Include -c tmp/gen3/renpy.uguu.uguu.c -o build/harmony39-aarch64/temp/tmp/gen3/renpy.uguu.uguu.o -std=gnu99 -Wno-unused-function
  [harmony_setup] Replaced host Python lib 'python3.14' with 'python3.9'
C:/msys64/ohos-sdk/llvm/bin/clang.exe --target=aarch64-unknown-linux-ohos --sysroot=C:/msys64/ohos-sdk/sysroot -D__MUSL__ -shared -LF:/MyProject/workspace_temp/build_py39_aarch64 -LF:/MyProject/Python-3.12.12/harmony_deps/aarch64/lib -LF:/MyProject/third_party_ffmpeg/install-harmony-aarch64/lib -lpython3.9 -IF:/MyProject/Python-3.9.25/Include -IF:/MyProject/workspace_temp/build_py39_aarch64 -IF:/MyProject/Python-3.12.12/harmony_deps/aarch64/include -IF:/MyProject/Python-3.12.12/harmony_deps/aarch64/include/SDL2 -IF:/MyProject/third_party_ffmpeg/install-harmony-aarch64/include -O2 -march=armv8.2-a build/harmony39-aarch64/temp/tmp/gen3/renpy.uguu.uguu.o -LF:/MyProject/workspace_temp/build_py39_aarch64 -lSDL2 -lpython3.9 -lpython3.9 -o build/harmony39-aarch64/lib/renpy/uguu/uguu.cpython-39-x86_64-linux-ohos.so
building 'renpy.gl2.gl2mesh' extension
C:/msys64/ohos-sdk/llvm/bin/clang.exe --target=aarch64-unknown-linux-ohos --sysroot=C:/msys64/ohos-sdk/sysroot -D__MUSL__ -IF:/MyProject/Python-3.9.25/Include -IF:/MyProject/workspace_temp/build_py39_aarch64 -IF:/MyProject/Python-3.12.12/harmony_deps/aarch64/include -IF:/MyProject/Python-3.12.12/harmony_deps/aarch64/include/SDL2 -IF:/MyProject/third_party_ffmpeg/install-harmony-aarch64/include -O2 -march=armv8.2-a -fPIC -Isrc -Itmp/gen3 -IF:/MyProject/Python-3.12.12/harmony_deps/aarch64/include/libpng16 -IF:/MyProject/Python-3.12.12/harmony_deps/aarch64/include -IF:/MyProject/third_party_ffmpeg/install-harmony-aarch64/include -Isrc -Itmp/gen3 -IF:/MyProject/Python-3.12.12/harmony_deps/aarch64/include/libpng16 -IF:/MyProject/Python-3.12.12/harmony_deps/aarch64/include -IF:/MyProject/third_party_ffmpeg/install-harmony-aarch64/include -IF:/MyProject/Python-3.9.25/Include -c tmp/gen3/renpy.gl2.gl2mesh.c -o build/harmony39-aarch64/temp/tmp/gen3/renpy.gl2.gl2mesh.o -std=gnu99 -Wno-unused-function
  [harmony_setup] Replaced host Python lib 'python3.14' with 'python3.9'
C:/msys64/ohos-sdk/llvm/bin/clang.exe --target=aarch64-unknown-linux-ohos --sysroot=C:/msys64/ohos-sdk/sysroot -D__MUSL__ -shared -LF:/MyProject/workspace_temp/build_py39_aarch64 -LF:/MyProject/Python-3.12.12/harmony_deps/aarch64/lib -LF:/MyProject/third_party_ffmpeg/install-harmony-aarch64/lib -lpython3.9 -IF:/MyProject/Python-3.9.25/Include -IF:/MyProject/workspace_temp/build_py39_aarch64 -IF:/MyProject/Python-3.12.12/harmony_deps/aarch64/include -IF:/MyProject/Python-3.12.12/harmony_deps/aarch64/include/SDL2 -IF:/MyProject/third_party_ffmpeg/install-harmony-aarch64/include -O2 -march=armv8.2-a build/harmony39-aarch64/temp/tmp/gen3/renpy.gl2.gl2mesh.o -LF:/MyProject/workspace_temp/build_py39_aarch64 -lpython3.9 -lpython3.9 -o build/harmony39-aarch64/lib/renpy/gl2/gl2mesh.cpython-39-x86_64-linux-ohos.so
building 'renpy.gl2.gl2mesh2' extension
C:/msys64/ohos-sdk/llvm/bin/clang.exe --target=aarch64-unknown-linux-ohos --sysroot=C:/msys64/ohos-sdk/sysroot -D__MUSL__ -IF:/MyProject/Python-3.9.25/Include -IF:/MyProject/workspace_temp/build_py39_aarch64 -IF:/MyProject/Python-3.12.12/harmony_deps/aarch64/include -IF:/MyProject/Python-3.12.12/harmony_deps/aarch64/include/SDL2 -IF:/MyProject/third_party_ffmpeg/install-harmony-aarch64/include -O2 -march=armv8.2-a -fPIC -Isrc -Itmp/gen3 -IF:/MyProject/Python-3.12.12/harmony_deps/aarch64/include/libpng16 -IF:/MyProject/Python-3.12.12/harmony_deps/aarch64/include -IF:/MyProject/third_party_ffmpeg/install-harmony-aarch64/include -Isrc -Itmp/gen3 -IF:/MyProject/Python-3.12.12/harmony_deps/aarch64/include/libpng16 -IF:/MyProject/Python-3.12.12/harmony_deps/aarch64/include -IF:/MyProject/third_party_ffmpeg/install-harmony-aarch64/include -IF:/MyProject/Python-3.9.25/Include -c tmp/gen3/renpy.gl2.gl2mesh2.c -o build/harmony39-aarch64/temp/tmp/gen3/renpy.gl2.gl2mesh2.o -std=gnu99 -Wno-unused-function
  [harmony_setup] Replaced host Python lib 'python3.14' with 'python3.9'
C:/msys64/ohos-sdk/llvm/bin/clang.exe --target=aarch64-unknown-linux-ohos --sysroot=C:/msys64/ohos-sdk/sysroot -D__MUSL__ -shared -LF:/MyProject/workspace_temp/build_py39_aarch64 -LF:/MyProject/Python-3.12.12/harmony_deps/aarch64/lib -LF:/MyProject/third_party_ffmpeg/install-harmony-aarch64/lib -lpython3.9 -IF:/MyProject/Python-3.9.25/Include -IF:/MyProject/workspace_temp/build_py39_aarch64 -IF:/MyProject/Python-3.12.12/harmony_deps/aarch64/include -IF:/MyProject/Python-3.12.12/harmony_deps/aarch64/include/SDL2 -IF:/MyProject/third_party_ffmpeg/install-harmony-aarch64/include -O2 -march=armv8.2-a build/harmony39-aarch64/temp/tmp/gen3/renpy.gl2.gl2mesh2.o -LF:/MyProject/workspace_temp/build_py39_aarch64 -lpython3.9 -lpython3.9 -o build/harmony39-aarch64/lib/renpy/gl2/gl2mesh2.cpython-39-x86_64-linux-ohos.so
building 'renpy.gl2.gl2mesh3' extension
C:/msys64/ohos-sdk/llvm/bin/clang.exe --target=aarch64-unknown-linux-ohos --sysroot=C:/msys64/ohos-sdk/sysroot -D__MUSL__ -IF:/MyProject/Python-3.9.25/Include -IF:/MyProject/workspace_temp/build_py39_aarch64 -IF:/MyProject/Python-3.12.12/harmony_deps/aarch64/include -IF:/MyProject/Python-3.12.12/harmony_deps/aarch64/include/SDL2 -IF:/MyProject/third_party_ffmpeg/install-harmony-aarch64/include -O2 -march=armv8.2-a -fPIC -Isrc -Itmp/gen3 -IF:/MyProject/Python-3.12.12/harmony_deps/aarch64/include/libpng16 -IF:/MyProject/Python-3.12.12/harmony_deps/aarch64/include -IF:/MyProject/third_party_ffmpeg/install-harmony-aarch64/include -Isrc -Itmp/gen3 -IF:/MyProject/Python-3.12.12/harmony_deps/aarch64/include/libpng16 -IF:/MyProject/Python-3.12.12/harmony_deps/aarch64/include -IF:/MyProject/third_party_ffmpeg/install-harmony-aarch64/include -IF:/MyProject/Python-3.9.25/Include -c tmp/gen3/renpy.gl2.gl2mesh3.c -o build/harmony39-aarch64/temp/tmp/gen3/renpy.gl2.gl2mesh3.o -std=gnu99 -Wno-unused-function
  [harmony_setup] Replaced host Python lib 'python3.14' with 'python3.9'
C:/msys64/ohos-sdk/llvm/bin/clang.exe --target=aarch64-unknown-linux-ohos --sysroot=C:/msys64/ohos-sdk/sysroot -D__MUSL__ -shared -LF:/MyProject/workspace_temp/build_py39_aarch64 -LF:/MyProject/Python-3.12.12/harmony_deps/aarch64/lib -LF:/MyProject/third_party_ffmpeg/install-harmony-aarch64/lib -lpython3.9 -IF:/MyProject/Python-3.9.25/Include -IF:/MyProject/workspace_temp/build_py39_aarch64 -IF:/MyProject/Python-3.12.12/harmony_deps/aarch64/include -IF:/MyProject/Python-3.12.12/harmony_deps/aarch64/include/SDL2 -IF:/MyProject/third_party_ffmpeg/install-harmony-aarch64/include -O2 -march=armv8.2-a build/harmony39-aarch64/temp/tmp/gen3/renpy.gl2.gl2mesh3.o -LF:/MyProject/workspace_temp/build_py39_aarch64 -lpython3.9 -lpython3.9 -o build/harmony39-aarch64/lib/renpy/gl2/gl2mesh3.cpython-39-x86_64-linux-ohos.so
building 'renpy.gl2.gl2polygon' extension
C:/msys64/ohos-sdk/llvm/bin/clang.exe --target=aarch64-unknown-linux-ohos --sysroot=C:/msys64/ohos-sdk/sysroot -D__MUSL__ -IF:/MyProject/Python-3.9.25/Include -IF:/MyProject/workspace_temp/build_py39_aarch64 -IF:/MyProject/Python-3.12.12/harmony_deps/aarch64/include -IF:/MyProject/Python-3.12.12/harmony_deps/aarch64/include/SDL2 -IF:/MyProject/third_party_ffmpeg/install-harmony-aarch64/include -O2 -march=armv8.2-a -fPIC -Isrc -Itmp/gen3 -IF:/MyProject/Python-3.12.12/harmony_deps/aarch64/include/libpng16 -IF:/MyProject/Python-3.12.12/harmony_deps/aarch64/include -IF:/MyProject/third_party_ffmpeg/install-harmony-aarch64/include -Isrc -Itmp/gen3 -IF:/MyProject/Python-3.12.12/harmony_deps/aarch64/include/libpng16 -IF:/MyProject/Python-3.12.12/harmony_deps/aarch64/include -IF:/MyProject/third_party_ffmpeg/install-harmony-aarch64/include -IF:/MyProject/Python-3.9.25/Include -c tmp/gen3/renpy.gl2.gl2polygon.c -o build/harmony39-aarch64/temp/tmp/gen3/renpy.gl2.gl2polygon.o -std=gnu99 -Wno-unused-function
  [harmony_setup] Replaced host Python lib 'python3.14' with 'python3.9'
C:/msys64/ohos-sdk/llvm/bin/clang.exe --target=aarch64-unknown-linux-ohos --sysroot=C:/msys64/ohos-sdk/sysroot -D__MUSL__ -shared -LF:/MyProject/workspace_temp/build_py39_aarch64 -LF:/MyProject/Python-3.12.12/harmony_deps/aarch64/lib -LF:/MyProject/third_party_ffmpeg/install-harmony-aarch64/lib -lpython3.9 -IF:/MyProject/Python-3.9.25/Include -IF:/MyProject/workspace_temp/build_py39_aarch64 -IF:/MyProject/Python-3.12.12/harmony_deps/aarch64/include -IF:/MyProject/Python-3.12.12/harmony_deps/aarch64/include/SDL2 -IF:/MyProject/third_party_ffmpeg/install-harmony-aarch64/include -O2 -march=armv8.2-a build/harmony39-aarch64/temp/tmp/gen3/renpy.gl2.gl2polygon.o -LF:/MyProject/workspace_temp/build_py39_aarch64 -lpython3.9 -lpython3.9 -o build/harmony39-aarch64/lib/renpy/gl2/gl2polygon.cpython-39-x86_64-linux-ohos.so
building 'renpy.gl2.gl2model' extension
C:/msys64/ohos-sdk/llvm/bin/clang.exe --target=aarch64-unknown-linux-ohos --sysroot=C:/msys64/ohos-sdk/sysroot -D__MUSL__ -IF:/MyProject/Python-3.9.25/Include -IF:/MyProject/workspace_temp/build_py39_aarch64 -IF:/MyProject/Python-3.12.12/harmony_deps/aarch64/include -IF:/MyProject/Python-3.12.12/harmony_deps/aarch64/include/SDL2 -IF:/MyProject/third_party_ffmpeg/install-harmony-aarch64/include -O2 -march=armv8.2-a -fPIC -Isrc -Itmp/gen3 -IF:/MyProject/Python-3.12.12/harmony_deps/aarch64/include/libpng16 -IF:/MyProject/Python-3.12.12/harmony_deps/aarch64/include -IF:/MyProject/third_party_ffmpeg/install-harmony-aarch64/include -Isrc -Itmp/gen3 -IF:/MyProject/Python-3.12.12/harmony_deps/aarch64/include/libpng16 -IF:/MyProject/Python-3.12.12/harmony_deps/aarch64/include -IF:/MyProject/third_party_ffmpeg/install-harmony-aarch64/include -IF:/MyProject/Python-3.9.25/Include -c tmp/gen3/renpy.gl2.gl2model.c -o build/harmony39-aarch64/temp/tmp/gen3/renpy.gl2.gl2model.o -std=gnu99 -Wno-unused-function
  [harmony_setup] Replaced host Python lib 'python3.14' with 'python3.9'
C:/msys64/ohos-sdk/llvm/bin/clang.exe --target=aarch64-unknown-linux-ohos --sysroot=C:/msys64/ohos-sdk/sysroot -D__MUSL__ -shared -LF:/MyProject/workspace_temp/build_py39_aarch64 -LF:/MyProject/Python-3.12.12/harmony_deps/aarch64/lib -LF:/MyProject/third_party_ffmpeg/install-harmony-aarch64/lib -lpython3.9 -IF:/MyProject/Python-3.9.25/Include -IF:/MyProject/workspace_temp/build_py39_aarch64 -IF:/MyProject/Python-3.12.12/harmony_deps/aarch64/include -IF:/MyProject/Python-3.12.12/harmony_deps/aarch64/include/SDL2 -IF:/MyProject/third_party_ffmpeg/install-harmony-aarch64/include -O2 -march=armv8.2-a build/harmony39-aarch64/temp/tmp/gen3/renpy.gl2.gl2model.o -LF:/MyProject/workspace_temp/build_py39_aarch64 -lpython3.9 -lpython3.9 -o build/harmony39-aarch64/lib/renpy/gl2/gl2model.cpython-39-x86_64-linux-ohos.so
building 'renpy.gl2.gl2draw' extension
C:/msys64/ohos-sdk/llvm/bin/clang.exe --target=aarch64-unknown-linux-ohos --sysroot=C:/msys64/ohos-sdk/sysroot -D__MUSL__ -IF:/MyProject/Python-3.9.25/Include -IF:/MyProject/workspace_temp/build_py39_aarch64 -IF:/MyProject/Python-3.12.12/harmony_deps/aarch64/include -IF:/MyProject/Python-3.12.12/harmony_deps/aarch64/include/SDL2 -IF:/MyProject/third_party_ffmpeg/install-harmony-aarch64/include -O2 -march=armv8.2-a -fPIC -Isrc -Itmp/gen3 -IF:/MyProject/Python-3.12.12/harmony_deps/aarch64/include/libpng16 -IF:/MyProject/Python-3.12.12/harmony_deps/aarch64/include -IF:/MyProject/third_party_ffmpeg/install-harmony-aarch64/include -Isrc -Itmp/gen3 -IF:/MyProject/Python-3.12.12/harmony_deps/aarch64/include/libpng16 -IF:/MyProject/Python-3.12.12/harmony_deps/aarch64/include -IF:/MyProject/third_party_ffmpeg/install-harmony-aarch64/include -IF:/MyProject/Python-3.9.25/Include -c tmp/gen3/renpy.gl2.gl2draw.c -o build/harmony39-aarch64/temp/tmp/gen3/renpy.gl2.gl2draw.o -std=gnu99 -Wno-unused-function
  [harmony_setup] Replaced host Python lib 'python3.14' with 'python3.9'
C:/msys64/ohos-sdk/llvm/bin/clang.exe --target=aarch64-unknown-linux-ohos --sysroot=C:/msys64/ohos-sdk/sysroot -D__MUSL__ -shared -LF:/MyProject/workspace_temp/build_py39_aarch64 -LF:/MyProject/Python-3.12.12/harmony_deps/aarch64/lib -LF:/MyProject/third_party_ffmpeg/install-harmony-aarch64/lib -lpython3.9 -IF:/MyProject/Python-3.9.25/Include -IF:/MyProject/workspace_temp/build_py39_aarch64 -IF:/MyProject/Python-3.12.12/harmony_deps/aarch64/include -IF:/MyProject/Python-3.12.12/harmony_deps/aarch64/include/SDL2 -IF:/MyProject/third_party_ffmpeg/install-harmony-aarch64/include -O2 -march=armv8.2-a build/harmony39-aarch64/temp/tmp/gen3/renpy.gl2.gl2draw.o -LF:/MyProject/workspace_temp/build_py39_aarch64 -lpython3.9 -lpython3.9 -o build/harmony39-aarch64/lib/renpy/gl2/gl2draw.cpython-39-x86_64-linux-ohos.so
building 'renpy.gl2.gl2texture' extension
C:/msys64/ohos-sdk/llvm/bin/clang.exe --target=aarch64-unknown-linux-ohos --sysroot=C:/msys64/ohos-sdk/sysroot -D__MUSL__ -IF:/MyProject/Python-3.9.25/Include -IF:/MyProject/workspace_temp/build_py39_aarch64 -IF:/MyProject/Python-3.12.12/harmony_deps/aarch64/include -IF:/MyProject/Python-3.12.12/harmony_deps/aarch64/include/SDL2 -IF:/MyProject/third_party_ffmpeg/install-harmony-aarch64/include -O2 -march=armv8.2-a -fPIC -Isrc -Itmp/gen3 -IF:/MyProject/Python-3.12.12/harmony_deps/aarch64/include/libpng16 -IF:/MyProject/Python-3.12.12/harmony_deps/aarch64/include -IF:/MyProject/third_party_ffmpeg/install-harmony-aarch64/include -Isrc -Itmp/gen3 -IF:/MyProject/Python-3.12.12/harmony_deps/aarch64/include/libpng16 -IF:/MyProject/Python-3.12.12/harmony_deps/aarch64/include -IF:/MyProject/third_party_ffmpeg/install-harmony-aarch64/include -IF:/MyProject/Python-3.9.25/Include -c tmp/gen3/renpy.gl2.gl2texture.c -o build/harmony39-aarch64/temp/tmp/gen3/renpy.gl2.gl2texture.o -std=gnu99 -Wno-unused-function
  [harmony_setup] Replaced host Python lib 'python3.14' with 'python3.9'
C:/msys64/ohos-sdk/llvm/bin/clang.exe --target=aarch64-unknown-linux-ohos --sysroot=C:/msys64/ohos-sdk/sysroot -D__MUSL__ -shared -LF:/MyProject/workspace_temp/build_py39_aarch64 -LF:/MyProject/Python-3.12.12/harmony_deps/aarch64/lib -LF:/MyProject/third_party_ffmpeg/install-harmony-aarch64/lib -lpython3.9 -IF:/MyProject/Python-3.9.25/Include -IF:/MyProject/workspace_temp/build_py39_aarch64 -IF:/MyProject/Python-3.12.12/harmony_deps/aarch64/include -IF:/MyProject/Python-3.12.12/harmony_deps/aarch64/include/SDL2 -IF:/MyProject/third_party_ffmpeg/install-harmony-aarch64/include -O2 -march=armv8.2-a build/harmony39-aarch64/temp/tmp/gen3/renpy.gl2.gl2texture.o -LF:/MyProject/workspace_temp/build_py39_aarch64 -lpython3.9 -lpython3.9 -o build/harmony39-aarch64/lib/renpy/gl2/gl2texture.cpython-39-x86_64-linux-ohos.so
building 'renpy.gl2.gl2uniform' extension
C:/msys64/ohos-sdk/llvm/bin/clang.exe --target=aarch64-unknown-linux-ohos --sysroot=C:/msys64/ohos-sdk/sysroot -D__MUSL__ -IF:/MyProject/Python-3.9.25/Include -IF:/MyProject/workspace_temp/build_py39_aarch64 -IF:/MyProject/Python-3.12.12/harmony_deps/aarch64/include -IF:/MyProject/Python-3.12.12/harmony_deps/aarch64/include/SDL2 -IF:/MyProject/third_party_ffmpeg/install-harmony-aarch64/include -O2 -march=armv8.2-a -fPIC -Isrc -Itmp/gen3 -IF:/MyProject/Python-3.12.12/harmony_deps/aarch64/include/libpng16 -IF:/MyProject/Python-3.12.12/harmony_deps/aarch64/include -IF:/MyProject/third_party_ffmpeg/install-harmony-aarch64/include -Isrc -Itmp/gen3 -IF:/MyProject/Python-3.12.12/harmony_deps/aarch64/include/libpng16 -IF:/MyProject/Python-3.12.12/harmony_deps/aarch64/include -IF:/MyProject/third_party_ffmpeg/install-harmony-aarch64/include -IF:/MyProject/Python-3.9.25/Include -c tmp/gen3/renpy.gl2.gl2uniform.c -o build/harmony39-aarch64/temp/tmp/gen3/renpy.gl2.gl2uniform.o -std=gnu99 -Wno-unused-function
  [harmony_setup] Replaced host Python lib 'python3.14' with 'python3.9'
C:/msys64/ohos-sdk/llvm/bin/clang.exe --target=aarch64-unknown-linux-ohos --sysroot=C:/msys64/ohos-sdk/sysroot -D__MUSL__ -shared -LF:/MyProject/workspace_temp/build_py39_aarch64 -LF:/MyProject/Python-3.12.12/harmony_deps/aarch64/lib -LF:/MyProject/third_party_ffmpeg/install-harmony-aarch64/lib -lpython3.9 -IF:/MyProject/Python-3.9.25/Include -IF:/MyProject/workspace_temp/build_py39_aarch64 -IF:/MyProject/Python-3.12.12/harmony_deps/aarch64/include -IF:/MyProject/Python-3.12.12/harmony_deps/aarch64/include/SDL2 -IF:/MyProject/third_party_ffmpeg/install-harmony-aarch64/include -O2 -march=armv8.2-a build/harmony39-aarch64/temp/tmp/gen3/renpy.gl2.gl2uniform.o -LF:/MyProject/workspace_temp/build_py39_aarch64 -lpython3.9 -lpython3.9 -o build/harmony39-aarch64/lib/renpy/gl2/gl2uniform.cpython-39-x86_64-linux-ohos.so
building 'renpy.gl2.gl2shader' extension
C:/msys64/ohos-sdk/llvm/bin/clang.exe --target=aarch64-unknown-linux-ohos --sysroot=C:/msys64/ohos-sdk/sysroot -D__MUSL__ -IF:/MyProject/Python-3.9.25/Include -IF:/MyProject/workspace_temp/build_py39_aarch64 -IF:/MyProject/Python-3.12.12/harmony_deps/aarch64/include -IF:/MyProject/Python-3.12.12/harmony_deps/aarch64/include/SDL2 -IF:/MyProject/third_party_ffmpeg/install-harmony-aarch64/include -O2 -march=armv8.2-a -fPIC -Isrc -Itmp/gen3 -IF:/MyProject/Python-3.12.12/harmony_deps/aarch64/include/libpng16 -IF:/MyProject/Python-3.12.12/harmony_deps/aarch64/include -IF:/MyProject/third_party_ffmpeg/install-harmony-aarch64/include -Isrc -Itmp/gen3 -IF:/MyProject/Python-3.12.12/harmony_deps/aarch64/include/libpng16 -IF:/MyProject/Python-3.12.12/harmony_deps/aarch64/include -IF:/MyProject/third_party_ffmpeg/install-harmony-aarch64/include -IF:/MyProject/Python-3.9.25/Include -c tmp/gen3/renpy.gl2.gl2shader.c -o build/harmony39-aarch64/temp/tmp/gen3/renpy.gl2.gl2shader.o -std=gnu99 -Wno-unused-function
  [harmony_setup] Replaced host Python lib 'python3.14' with 'python3.9'
C:/msys64/ohos-sdk/llvm/bin/clang.exe --target=aarch64-unknown-linux-ohos --sysroot=C:/msys64/ohos-sdk/sysroot -D__MUSL__ -shared -LF:/MyProject/workspace_temp/build_py39_aarch64 -LF:/MyProject/Python-3.12.12/harmony_deps/aarch64/lib -LF:/MyProject/third_party_ffmpeg/install-harmony-aarch64/lib -lpython3.9 -IF:/MyProject/Python-3.9.25/Include -IF:/MyProject/workspace_temp/build_py39_aarch64 -IF:/MyProject/Python-3.12.12/harmony_deps/aarch64/include -IF:/MyProject/Python-3.12.12/harmony_deps/aarch64/include/SDL2 -IF:/MyProject/third_party_ffmpeg/install-harmony-aarch64/include -O2 -march=armv8.2-a build/harmony39-aarch64/temp/tmp/gen3/renpy.gl2.gl2shader.o -LF:/MyProject/workspace_temp/build_py39_aarch64 -lpython3.9 -lpython3.9 -o build/harmony39-aarch64/lib/renpy/gl2/gl2shader.cpython-39-x86_64-linux-ohos.so
building 'renpy.text.textsupport' extension
C:/msys64/ohos-sdk/llvm/bin/clang.exe --target=aarch64-unknown-linux-ohos --sysroot=C:/msys64/ohos-sdk/sysroot -D__MUSL__ -IF:/MyProject/Python-3.9.25/Include -IF:/MyProject/workspace_temp/build_py39_aarch64 -IF:/MyProject/Python-3.12.12/harmony_deps/aarch64/include -IF:/MyProject/Python-3.12.12/harmony_deps/aarch64/include/SDL2 -IF:/MyProject/third_party_ffmpeg/install-harmony-aarch64/include -O2 -march=armv8.2-a -fPIC -Isrc -Itmp/gen3 -IF:/MyProject/Python-3.12.12/harmony_deps/aarch64/include/libpng16 -IF:/MyProject/Python-3.12.12/harmony_deps/aarch64/include -IF:/MyProject/third_party_ffmpeg/install-harmony-aarch64/include -Isrc -Itmp/gen3 -IF:/MyProject/Python-3.12.12/harmony_deps/aarch64/include/libpng16 -IF:/MyProject/Python-3.12.12/harmony_deps/aarch64/include -IF:/MyProject/third_party_ffmpeg/install-harmony-aarch64/include -IF:/MyProject/Python-3.9.25/Include -c tmp/gen3/renpy.text.textsupport.c -o build/harmony39-aarch64/temp/tmp/gen3/renpy.text.textsupport.o -std=gnu99 -Wno-unused-function
tmp/gen3/renpy.text.textsupport.c:10832:35: warning: result of comparison of constant 983040 with expression of type 'char' is always true [-Wtautological-constant-out-of-range-compare]
    __pyx_t_3 = (__pyx_v_new_type < 0xF0000);
                 ~~~~~~~~~~~~~~~~ ^ ~~~~~~~
1 warning generated.
  [harmony_setup] Replaced host Python lib 'python3.14' with 'python3.9'
C:/msys64/ohos-sdk/llvm/bin/clang.exe --target=aarch64-unknown-linux-ohos --sysroot=C:/msys64/ohos-sdk/sysroot -D__MUSL__ -shared -LF:/MyProject/workspace_temp/build_py39_aarch64 -LF:/MyProject/Python-3.12.12/harmony_deps/aarch64/lib -LF:/MyProject/third_party_ffmpeg/install-harmony-aarch64/lib -lpython3.9 -IF:/MyProject/Python-3.9.25/Include -IF:/MyProject/workspace_temp/build_py39_aarch64 -IF:/MyProject/Python-3.12.12/harmony_deps/aarch64/include -IF:/MyProject/Python-3.12.12/harmony_deps/aarch64/include/SDL2 -IF:/MyProject/third_party_ffmpeg/install-harmony-aarch64/include -O2 -march=armv8.2-a build/harmony39-aarch64/temp/tmp/gen3/renpy.text.textsupport.o -LF:/MyProject/workspace_temp/build_py39_aarch64 -lpython3.9 -lpython3.9 -o build/harmony39-aarch64/lib/renpy/text/textsupport.cpython-39-x86_64-linux-ohos.so
building 'renpy.text.texwrap' extension
C:/msys64/ohos-sdk/llvm/bin/clang.exe --target=aarch64-unknown-linux-ohos --sysroot=C:/msys64/ohos-sdk/sysroot -D__MUSL__ -IF:/MyProject/Python-3.9.25/Include -IF:/MyProject/workspace_temp/build_py39_aarch64 -IF:/MyProject/Python-3.12.12/harmony_deps/aarch64/include -IF:/MyProject/Python-3.12.12/harmony_deps/aarch64/include/SDL2 -IF:/MyProject/third_party_ffmpeg/install-harmony-aarch64/include -O2 -march=armv8.2-a -fPIC -Isrc -Itmp/gen3 -IF:/MyProject/Python-3.12.12/harmony_deps/aarch64/include/libpng16 -IF:/MyProject/Python-3.12.12/harmony_deps/aarch64/include -IF:/MyProject/third_party_ffmpeg/install-harmony-aarch64/include -Isrc -Itmp/gen3 -IF:/MyProject/Python-3.12.12/harmony_deps/aarch64/include/libpng16 -IF:/MyProject/Python-3.12.12/harmony_deps/aarch64/include -IF:/MyProject/third_party_ffmpeg/install-harmony-aarch64/include -IF:/MyProject/Python-3.9.25/Include -c tmp/gen3/renpy.text.texwrap.c -o build/harmony39-aarch64/temp/tmp/gen3/renpy.text.texwrap.o -std=gnu99 -Wno-unused-function
  [harmony_setup] Replaced host Python lib 'python3.14' with 'python3.9'
C:/msys64/ohos-sdk/llvm/bin/clang.exe --target=aarch64-unknown-linux-ohos --sysroot=C:/msys64/ohos-sdk/sysroot -D__MUSL__ -shared -LF:/MyProject/workspace_temp/build_py39_aarch64 -LF:/MyProject/Python-3.12.12/harmony_deps/aarch64/lib -LF:/MyProject/third_party_ffmpeg/install-harmony-aarch64/lib -lpython3.9 -IF:/MyProject/Python-3.9.25/Include -IF:/MyProject/workspace_temp/build_py39_aarch64 -IF:/MyProject/Python-3.12.12/harmony_deps/aarch64/include -IF:/MyProject/Python-3.12.12/harmony_deps/aarch64/include/SDL2 -IF:/MyProject/third_party_ffmpeg/install-harmony-aarch64/include -O2 -march=armv8.2-a build/harmony39-aarch64/temp/tmp/gen3/renpy.text.texwrap.o -LF:/MyProject/workspace_temp/build_py39_aarch64 -lpython3.9 -lpython3.9 -o build/harmony39-aarch64/lib/renpy/text/texwrap.cpython-39-x86_64-linux-ohos.so
building 'renpy.text.ftfont' extension
C:/msys64/ohos-sdk/llvm/bin/clang.exe --target=aarch64-unknown-linux-ohos --sysroot=C:/msys64/ohos-sdk/sysroot -D__MUSL__ -IF:/MyProject/Python-3.9.25/Include -IF:/MyProject/workspace_temp/build_py39_aarch64 -IF:/MyProject/Python-3.12.12/harmony_deps/aarch64/include -IF:/MyProject/Python-3.12.12/harmony_deps/aarch64/include/SDL2 -IF:/MyProject/third_party_ffmpeg/install-harmony-aarch64/include -O2 -march=armv8.2-a -fPIC -Isrc -Itmp/gen3 -IF:/MyProject/Python-3.12.12/harmony_deps/aarch64/include/libpng16 -IF:/MyProject/Python-3.12.12/harmony_deps/aarch64/include -IF:/MyProject/third_party_ffmpeg/install-harmony-aarch64/include -IF:/MyProject/Python-3.12.12/harmony_deps/aarch64/include/freetype2 -IF:/MyProject/Python-3.12.12/harmony_deps/aarch64/include/harfbuzz -Isrc -Itmp/gen3 -IF:/MyProject/Python-3.12.12/harmony_deps/aarch64/include/libpng16 -IF:/MyProject/Python-3.12.12/harmony_deps/aarch64/include -IF:/MyProject/third_party_ffmpeg/install-harmony-aarch64/include -IF:/MyProject/Python-3.12.12/harmony_deps/aarch64/include/freetype2 -IF:/MyProject/Python-3.12.12/harmony_deps/aarch64/include/harfbuzz -IF:/MyProject/Python-3.9.25/Include -c src/ftsupport.c -o build/harmony39-aarch64/temp/src/ftsupport.o -std=gnu99 -Wno-unused-function
C:/msys64/ohos-sdk/llvm/bin/clang.exe --target=aarch64-unknown-linux-ohos --sysroot=C:/msys64/ohos-sdk/sysroot -D__MUSL__ -IF:/MyProject/Python-3.9.25/Include -IF:/MyProject/workspace_temp/build_py39_aarch64 -IF:/MyProject/Python-3.12.12/harmony_deps/aarch64/include -IF:/MyProject/Python-3.12.12/harmony_deps/aarch64/include/SDL2 -IF:/MyProject/third_party_ffmpeg/install-harmony-aarch64/include -O2 -march=armv8.2-a -fPIC -Isrc -Itmp/gen3 -IF:/MyProject/Python-3.12.12/harmony_deps/aarch64/include/libpng16 -IF:/MyProject/Python-3.12.12/harmony_deps/aarch64/include -IF:/MyProject/third_party_ffmpeg/install-harmony-aarch64/include -IF:/MyProject/Python-3.12.12/harmony_deps/aarch64/include/freetype2 -IF:/MyProject/Python-3.12.12/harmony_deps/aarch64/include/harfbuzz -Isrc -Itmp/gen3 -IF:/MyProject/Python-3.12.12/harmony_deps/aarch64/include/libpng16 -IF:/MyProject/Python-3.12.12/harmony_deps/aarch64/include -IF:/MyProject/third_party_ffmpeg/install-harmony-aarch64/include -IF:/MyProject/Python-3.12.12/harmony_deps/aarch64/include/freetype2 -IF:/MyProject/Python-3.12.12/harmony_deps/aarch64/include/harfbuzz -IF:/MyProject/Python-3.9.25/Include -c src/ttgsubtable.c -o build/harmony39-aarch64/temp/src/ttgsubtable.o -std=gnu99 -Wno-unused-function
C:/msys64/ohos-sdk/llvm/bin/clang.exe --target=aarch64-unknown-linux-ohos --sysroot=C:/msys64/ohos-sdk/sysroot -D__MUSL__ -IF:/MyProject/Python-3.9.25/Include -IF:/MyProject/workspace_temp/build_py39_aarch64 -IF:/MyProject/Python-3.12.12/harmony_deps/aarch64/include -IF:/MyProject/Python-3.12.12/harmony_deps/aarch64/include/SDL2 -IF:/MyProject/third_party_ffmpeg/install-harmony-aarch64/include -O2 -march=armv8.2-a -fPIC -Isrc -Itmp/gen3 -IF:/MyProject/Python-3.12.12/harmony_deps/aarch64/include/libpng16 -IF:/MyProject/Python-3.12.12/harmony_deps/aarch64/include -IF:/MyProject/third_party_ffmpeg/install-harmony-aarch64/include -IF:/MyProject/Python-3.12.12/harmony_deps/aarch64/include/freetype2 -IF:/MyProject/Python-3.12.12/harmony_deps/aarch64/include/harfbuzz -Isrc -Itmp/gen3 -IF:/MyProject/Python-3.12.12/harmony_deps/aarch64/include/libpng16 -IF:/MyProject/Python-3.12.12/harmony_deps/aarch64/include -IF:/MyProject/third_party_ffmpeg/install-harmony-aarch64/include -IF:/MyProject/Python-3.12.12/harmony_deps/aarch64/include/freetype2 -IF:/MyProject/Python-3.12.12/harmony_deps/aarch64/include/harfbuzz -IF:/MyProject/Python-3.9.25/Include -c tmp/gen3/renpy.text.ftfont.c -o build/harmony39-aarch64/temp/tmp/gen3/renpy.text.ftfont.o -std=gnu99 -Wno-unused-function
  [harmony_setup] Replaced host Python lib 'python3.14' with 'python3.9'
C:/msys64/ohos-sdk/llvm/bin/clang.exe --target=aarch64-unknown-linux-ohos --sysroot=C:/msys64/ohos-sdk/sysroot -D__MUSL__ -shared -LF:/MyProject/workspace_temp/build_py39_aarch64 -LF:/MyProject/Python-3.12.12/harmony_deps/aarch64/lib -LF:/MyProject/third_party_ffmpeg/install-harmony-aarch64/lib -lpython3.9 -IF:/MyProject/Python-3.9.25/Include -IF:/MyProject/workspace_temp/build_py39_aarch64 -IF:/MyProject/Python-3.12.12/harmony_deps/aarch64/include -IF:/MyProject/Python-3.12.12/harmony_deps/aarch64/include/SDL2 -IF:/MyProject/third_party_ffmpeg/install-harmony-aarch64/include -O2 -march=armv8.2-a build/harmony39-aarch64/temp/src/ftsupport.o build/harmony39-aarch64/temp/src/ttgsubtable.o build/harmony39-aarch64/temp/tmp/gen3/renpy.text.ftfont.o -LD:/MyProject/MyApplication/Python-3.12.12/harmony_deps/aarch64/lib -LF:/MyProject/Python-3.12.12/harmony_deps/aarch64/lib -LF:/MyProject/workspace_temp/build_py39_aarch64 -lfreetype -lpng16 -lz -lharfbuzz -lpython3.9 -lpython3.9 -o build/harmony39-aarch64/lib/renpy/text/ftfont.cpython-39-x86_64-linux-ohos.so
building 'renpy.text.hbfont' extension
C:/msys64/ohos-sdk/llvm/bin/clang.exe --target=aarch64-unknown-linux-ohos --sysroot=C:/msys64/ohos-sdk/sysroot -D__MUSL__ -IF:/MyProject/Python-3.9.25/Include -IF:/MyProject/workspace_temp/build_py39_aarch64 -IF:/MyProject/Python-3.12.12/harmony_deps/aarch64/include -IF:/MyProject/Python-3.12.12/harmony_deps/aarch64/include/SDL2 -IF:/MyProject/third_party_ffmpeg/install-harmony-aarch64/include -O2 -march=armv8.2-a -fPIC -Isrc -Itmp/gen3 -IF:/MyProject/Python-3.12.12/harmony_deps/aarch64/include/libpng16 -IF:/MyProject/Python-3.12.12/harmony_deps/aarch64/include -IF:/MyProject/third_party_ffmpeg/install-harmony-aarch64/include -IF:/MyProject/Python-3.12.12/harmony_deps/aarch64/include/freetype2 -IF:/MyProject/Python-3.12.12/harmony_deps/aarch64/include/harfbuzz -Isrc -Itmp/gen3 -IF:/MyProject/Python-3.12.12/harmony_deps/aarch64/include/libpng16 -IF:/MyProject/Python-3.12.12/harmony_deps/aarch64/include -IF:/MyProject/third_party_ffmpeg/install-harmony-aarch64/include -IF:/MyProject/Python-3.12.12/harmony_deps/aarch64/include/freetype2 -IF:/MyProject/Python-3.12.12/harmony_deps/aarch64/include/harfbuzz -IF:/MyProject/Python-3.9.25/Include -c src/ftsupport.c -o build/harmony39-aarch64/temp/src/ftsupport.o -std=gnu99 -Wno-unused-function
C:/msys64/ohos-sdk/llvm/bin/clang.exe --target=aarch64-unknown-linux-ohos --sysroot=C:/msys64/ohos-sdk/sysroot -D__MUSL__ -IF:/MyProject/Python-3.9.25/Include -IF:/MyProject/workspace_temp/build_py39_aarch64 -IF:/MyProject/Python-3.12.12/harmony_deps/aarch64/include -IF:/MyProject/Python-3.12.12/harmony_deps/aarch64/include/SDL2 -IF:/MyProject/third_party_ffmpeg/install-harmony-aarch64/include -O2 -march=armv8.2-a -fPIC -Isrc -Itmp/gen3 -IF:/MyProject/Python-3.12.12/harmony_deps/aarch64/include/libpng16 -IF:/MyProject/Python-3.12.12/harmony_deps/aarch64/include -IF:/MyProject/third_party_ffmpeg/install-harmony-aarch64/include -IF:/MyProject/Python-3.12.12/harmony_deps/aarch64/include/freetype2 -IF:/MyProject/Python-3.12.12/harmony_deps/aarch64/include/harfbuzz -Isrc -Itmp/gen3 -IF:/MyProject/Python-3.12.12/harmony_deps/aarch64/include/libpng16 -IF:/MyProject/Python-3.12.12/harmony_deps/aarch64/include -IF:/MyProject/third_party_ffmpeg/install-harmony-aarch64/include -IF:/MyProject/Python-3.12.12/harmony_deps/aarch64/include/freetype2 -IF:/MyProject/Python-3.12.12/harmony_deps/aarch64/include/harfbuzz -IF:/MyProject/Python-3.9.25/Include -c tmp/gen3/renpy.text.hbfont.c -o build/harmony39-aarch64/temp/tmp/gen3/renpy.text.hbfont.o -std=gnu99 -Wno-unused-function
  [harmony_setup] Replaced host Python lib 'python3.14' with 'python3.9'
C:/msys64/ohos-sdk/llvm/bin/clang.exe --target=aarch64-unknown-linux-ohos --sysroot=C:/msys64/ohos-sdk/sysroot -D__MUSL__ -shared -LF:/MyProject/workspace_temp/build_py39_aarch64 -LF:/MyProject/Python-3.12.12/harmony_deps/aarch64/lib -LF:/MyProject/third_party_ffmpeg/install-harmony-aarch64/lib -lpython3.9 -IF:/MyProject/Python-3.9.25/Include -IF:/MyProject/workspace_temp/build_py39_aarch64 -IF:/MyProject/Python-3.12.12/harmony_deps/aarch64/include -IF:/MyProject/Python-3.12.12/harmony_deps/aarch64/include/SDL2 -IF:/MyProject/third_party_ffmpeg/install-harmony-aarch64/include -O2 -march=armv8.2-a build/harmony39-aarch64/temp/src/ftsupport.o build/harmony39-aarch64/temp/tmp/gen3/renpy.text.hbfont.o -LD:/MyProject/MyApplication/Python-3.12.12/harmony_deps/aarch64/lib -LF:/MyProject/Python-3.12.12/harmony_deps/aarch64/lib -LF:/MyProject/workspace_temp/build_py39_aarch64 -lfreetype -lpng16 -lz -lharfbuzz -lpython3.9 -lpython3.9 -o build/harmony39-aarch64/lib/renpy/text/hbfont.cpython-39-x86_64-linux-ohos.so
building 'renpy.text.bidi' extension
C:/msys64/ohos-sdk/llvm/bin/clang.exe --target=aarch64-unknown-linux-ohos --sysroot=C:/msys64/ohos-sdk/sysroot -D__MUSL__ -IF:/MyProject/Python-3.9.25/Include -IF:/MyProject/workspace_temp/build_py39_aarch64 -IF:/MyProject/Python-3.12.12/harmony_deps/aarch64/include -IF:/MyProject/Python-3.12.12/harmony_deps/aarch64/include/SDL2 -IF:/MyProject/third_party_ffmpeg/install-harmony-aarch64/include -O2 -march=armv8.2-a -fPIC -DFRIBIDI_LIB_STATIC -Isrc -Itmp/gen3 -IF:/MyProject/Python-3.12.12/harmony_deps/aarch64/include/libpng16 -IF:/MyProject/Python-3.12.12/harmony_deps/aarch64/include -IF:/MyProject/third_party_ffmpeg/install-harmony-aarch64/include -IF:/MyProject/Python-3.12.12/harmony_deps/aarch64/include/freetype2 -IF:/MyProject/Python-3.12.12/harmony_deps/aarch64/include/harfbuzz -IF:/MyProject/Python-3.12.12/harmony_deps/aarch64/include/fribidi -Isrc -Itmp/gen3 -IF:/MyProject/Python-3.12.12/harmony_deps/aarch64/include/libpng16 -IF:/MyProject/Python-3.12.12/harmony_deps/aarch64/include -IF:/MyProject/third_party_ffmpeg/install-harmony-aarch64/include -IF:/MyProject/Python-3.12.12/harmony_deps/aarch64/include/freetype2 -IF:/MyProject/Python-3.12.12/harmony_deps/aarch64/include/harfbuzz -IF:/MyProject/Python-3.12.12/harmony_deps/aarch64/include/fribidi -IF:/MyProject/Python-3.9.25/Include -c src/renpybidicore.c -o build/harmony39-aarch64/temp/src/renpybidicore.o -std=gnu99 -Wno-unused-function
C:/msys64/ohos-sdk/llvm/bin/clang.exe --target=aarch64-unknown-linux-ohos --sysroot=C:/msys64/ohos-sdk/sysroot -D__MUSL__ -IF:/MyProject/Python-3.9.25/Include -IF:/MyProject/workspace_temp/build_py39_aarch64 -IF:/MyProject/Python-3.12.12/harmony_deps/aarch64/include -IF:/MyProject/Python-3.12.12/harmony_deps/aarch64/include/SDL2 -IF:/MyProject/third_party_ffmpeg/install-harmony-aarch64/include -O2 -march=armv8.2-a -fPIC -DFRIBIDI_LIB_STATIC -Isrc -Itmp/gen3 -IF:/MyProject/Python-3.12.12/harmony_deps/aarch64/include/libpng16 -IF:/MyProject/Python-3.12.12/harmony_deps/aarch64/include -IF:/MyProject/third_party_ffmpeg/install-harmony-aarch64/include -IF:/MyProject/Python-3.12.12/harmony_deps/aarch64/include/freetype2 -IF:/MyProject/Python-3.12.12/harmony_deps/aarch64/include/harfbuzz -IF:/MyProject/Python-3.12.12/harmony_deps/aarch64/include/fribidi -Isrc -Itmp/gen3 -IF:/MyProject/Python-3.12.12/harmony_deps/aarch64/include/libpng16 -IF:/MyProject/Python-3.12.12/harmony_deps/aarch64/include -IF:/MyProject/third_party_ffmpeg/install-harmony-aarch64/include -IF:/MyProject/Python-3.12.12/harmony_deps/aarch64/include/freetype2 -IF:/MyProject/Python-3.12.12/harmony_deps/aarch64/include/harfbuzz -IF:/MyProject/Python-3.12.12/harmony_deps/aarch64/include/fribidi -IF:/MyProject/Python-3.9.25/Include -c tmp/gen3/renpy.text.bidi.c -o build/harmony39-aarch64/temp/tmp/gen3/renpy.text.bidi.o -std=gnu99 -Wno-unused-function
  [harmony_setup] Replaced host Python lib 'python3.14' with 'python3.9'
C:/msys64/ohos-sdk/llvm/bin/clang.exe --target=aarch64-unknown-linux-ohos --sysroot=C:/msys64/ohos-sdk/sysroot -D__MUSL__ -shared -LF:/MyProject/workspace_temp/build_py39_aarch64 -LF:/MyProject/Python-3.12.12/harmony_deps/aarch64/lib -LF:/MyProject/third_party_ffmpeg/install-harmony-aarch64/lib -lpython3.9 -IF:/MyProject/Python-3.9.25/Include -IF:/MyProject/workspace_temp/build_py39_aarch64 -IF:/MyProject/Python-3.12.12/harmony_deps/aarch64/include -IF:/MyProject/Python-3.12.12/harmony_deps/aarch64/include/SDL2 -IF:/MyProject/third_party_ffmpeg/install-harmony-aarch64/include -O2 -march=armv8.2-a build/harmony39-aarch64/temp/src/renpybidicore.o build/harmony39-aarch64/temp/tmp/gen3/renpy.text.bidi.o -LF:/MyProject/Python-3.12.12/harmony_deps/aarch64/lib -LF:/MyProject/workspace_temp/build_py39_aarch64 -lfribidi -lpython3.9 -lpython3.9 -o build/harmony39-aarch64/lib/renpy/text/bidi.cpython-39-x86_64-linux-ohos.so
building 'renpy.pygame.error' extension
C:/msys64/ohos-sdk/llvm/bin/clang.exe --target=aarch64-unknown-linux-ohos --sysroot=C:/msys64/ohos-sdk/sysroot -D__MUSL__ -IF:/MyProject/Python-3.9.25/Include -IF:/MyProject/workspace_temp/build_py39_aarch64 -IF:/MyProject/Python-3.12.12/harmony_deps/aarch64/include -IF:/MyProject/Python-3.12.12/harmony_deps/aarch64/include/SDL2 -IF:/MyProject/third_party_ffmpeg/install-harmony-aarch64/include -O2 -march=armv8.2-a -fPIC -Isrc -Itmp/gen3 -IF:/MyProject/Python-3.12.12/harmony_deps/aarch64/include/libpng16 -IF:/MyProject/Python-3.12.12/harmony_deps/aarch64/include -IF:/MyProject/third_party_ffmpeg/install-harmony-aarch64/include -IF:/MyProject/Python-3.12.12/harmony_deps/aarch64/include/freetype2 -IF:/MyProject/Python-3.12.12/harmony_deps/aarch64/include/harfbuzz -IF:/MyProject/Python-3.12.12/harmony_deps/aarch64/include/fribidi -Isrc -Itmp/gen3 -IF:/MyProject/Python-3.12.12/harmony_deps/aarch64/include/libpng16 -IF:/MyProject/Python-3.12.12/harmony_deps/aarch64/include -IF:/MyProject/third_party_ffmpeg/install-harmony-aarch64/include -IF:/MyProject/Python-3.12.12/harmony_deps/aarch64/include/freetype2 -IF:/MyProject/Python-3.12.12/harmony_deps/aarch64/include/harfbuzz -IF:/MyProject/Python-3.12.12/harmony_deps/aarch64/include/fribidi -IF:/MyProject/Python-3.9.25/Include -c tmp/gen3/renpy.pygame.error.c -o build/harmony39-aarch64/temp/tmp/gen3/renpy.pygame.error.o -std=gnu99 -Wno-unused-function
  [harmony_setup] Replaced host Python lib 'python3.14' with 'python3.9'
C:/msys64/ohos-sdk/llvm/bin/clang.exe --target=aarch64-unknown-linux-ohos --sysroot=C:/msys64/ohos-sdk/sysroot -D__MUSL__ -shared -LF:/MyProject/workspace_temp/build_py39_aarch64 -LF:/MyProject/Python-3.12.12/harmony_deps/aarch64/lib -LF:/MyProject/third_party_ffmpeg/install-harmony-aarch64/lib -lpython3.9 -IF:/MyProject/Python-3.9.25/Include -IF:/MyProject/workspace_temp/build_py39_aarch64 -IF:/MyProject/Python-3.12.12/harmony_deps/aarch64/include -IF:/MyProject/Python-3.12.12/harmony_deps/aarch64/include/SDL2 -IF:/MyProject/third_party_ffmpeg/install-harmony-aarch64/include -O2 -march=armv8.2-a build/harmony39-aarch64/temp/tmp/gen3/renpy.pygame.error.o -LF:/MyProject/workspace_temp/build_py39_aarch64 -lSDL2 -lpython3.9 -lpython3.9 -o build/harmony39-aarch64/lib/renpy/pygame/error.cpython-39-x86_64-linux-ohos.so
building 'renpy.pygame.color' extension
C:/msys64/ohos-sdk/llvm/bin/clang.exe --target=aarch64-unknown-linux-ohos --sysroot=C:/msys64/ohos-sdk/sysroot -D__MUSL__ -IF:/MyProject/Python-3.9.25/Include -IF:/MyProject/workspace_temp/build_py39_aarch64 -IF:/MyProject/Python-3.12.12/harmony_deps/aarch64/include -IF:/MyProject/Python-3.12.12/harmony_deps/aarch64/include/SDL2 -IF:/MyProject/third_party_ffmpeg/install-harmony-aarch64/include -O2 -march=armv8.2-a -fPIC -Isrc -Itmp/gen3 -IF:/MyProject/Python-3.12.12/harmony_deps/aarch64/include/libpng16 -IF:/MyProject/Python-3.12.12/harmony_deps/aarch64/include -IF:/MyProject/third_party_ffmpeg/install-harmony-aarch64/include -IF:/MyProject/Python-3.12.12/harmony_deps/aarch64/include/freetype2 -IF:/MyProject/Python-3.12.12/harmony_deps/aarch64/include/harfbuzz -IF:/MyProject/Python-3.12.12/harmony_deps/aarch64/include/fribidi -Isrc -Itmp/gen3 -IF:/MyProject/Python-3.12.12/harmony_deps/aarch64/include/libpng16 -IF:/MyProject/Python-3.12.12/harmony_deps/aarch64/include -IF:/MyProject/third_party_ffmpeg/install-harmony-aarch64/include -IF:/MyProject/Python-3.12.12/harmony_deps/aarch64/include/freetype2 -IF:/MyProject/Python-3.12.12/harmony_deps/aarch64/include/harfbuzz -IF:/MyProject/Python-3.12.12/harmony_deps/aarch64/include/fribidi -IF:/MyProject/Python-3.9.25/Include -c tmp/gen3/renpy.pygame.color.c -o build/harmony39-aarch64/temp/tmp/gen3/renpy.pygame.color.o -std=gnu99 -Wno-unused-function
  [harmony_setup] Replaced host Python lib 'python3.14' with 'python3.9'
C:/msys64/ohos-sdk/llvm/bin/clang.exe --target=aarch64-unknown-linux-ohos --sysroot=C:/msys64/ohos-sdk/sysroot -D__MUSL__ -shared -LF:/MyProject/workspace_temp/build_py39_aarch64 -LF:/MyProject/Python-3.12.12/harmony_deps/aarch64/lib -LF:/MyProject/third_party_ffmpeg/install-harmony-aarch64/lib -lpython3.9 -IF:/MyProject/Python-3.9.25/Include -IF:/MyProject/workspace_temp/build_py39_aarch64 -IF:/MyProject/Python-3.12.12/harmony_deps/aarch64/include -IF:/MyProject/Python-3.12.12/harmony_deps/aarch64/include/SDL2 -IF:/MyProject/third_party_ffmpeg/install-harmony-aarch64/include -O2 -march=armv8.2-a build/harmony39-aarch64/temp/tmp/gen3/renpy.pygame.color.o -LF:/MyProject/workspace_temp/build_py39_aarch64 -lSDL2 -lpython3.9 -lpython3.9 -o build/harmony39-aarch64/lib/renpy/pygame/color.cpython-39-x86_64-linux-ohos.so
building 'renpy.pygame.controller' extension
C:/msys64/ohos-sdk/llvm/bin/clang.exe --target=aarch64-unknown-linux-ohos --sysroot=C:/msys64/ohos-sdk/sysroot -D__MUSL__ -IF:/MyProject/Python-3.9.25/Include -IF:/MyProject/workspace_temp/build_py39_aarch64 -IF:/MyProject/Python-3.12.12/harmony_deps/aarch64/include -IF:/MyProject/Python-3.12.12/harmony_deps/aarch64/include/SDL2 -IF:/MyProject/third_party_ffmpeg/install-harmony-aarch64/include -O2 -march=armv8.2-a -fPIC -Isrc -Itmp/gen3 -IF:/MyProject/Python-3.12.12/harmony_deps/aarch64/include/libpng16 -IF:/MyProject/Python-3.12.12/harmony_deps/aarch64/include -IF:/MyProject/third_party_ffmpeg/install-harmony-aarch64/include -IF:/MyProject/Python-3.12.12/harmony_deps/aarch64/include/freetype2 -IF:/MyProject/Python-3.12.12/harmony_deps/aarch64/include/harfbuzz -IF:/MyProject/Python-3.12.12/harmony_deps/aarch64/include/fribidi -Isrc -Itmp/gen3 -IF:/MyProject/Python-3.12.12/harmony_deps/aarch64/include/libpng16 -IF:/MyProject/Python-3.12.12/harmony_deps/aarch64/include -IF:/MyProject/third_party_ffmpeg/install-harmony-aarch64/include -IF:/MyProject/Python-3.12.12/harmony_deps/aarch64/include/freetype2 -IF:/MyProject/Python-3.12.12/harmony_deps/aarch64/include/harfbuzz -IF:/MyProject/Python-3.12.12/harmony_deps/aarch64/include/fribidi -IF:/MyProject/Python-3.9.25/Include -c tmp/gen3/renpy.pygame.controller.c -o build/harmony39-aarch64/temp/tmp/gen3/renpy.pygame.controller.o -std=gnu99 -Wno-unused-function
  [harmony_setup] Replaced host Python lib 'python3.14' with 'python3.9'
C:/msys64/ohos-sdk/llvm/bin/clang.exe --target=aarch64-unknown-linux-ohos --sysroot=C:/msys64/ohos-sdk/sysroot -D__MUSL__ -shared -LF:/MyProject/workspace_temp/build_py39_aarch64 -LF:/MyProject/Python-3.12.12/harmony_deps/aarch64/lib -LF:/MyProject/third_party_ffmpeg/install-harmony-aarch64/lib -lpython3.9 -IF:/MyProject/Python-3.9.25/Include -IF:/MyProject/workspace_temp/build_py39_aarch64 -IF:/MyProject/Python-3.12.12/harmony_deps/aarch64/include -IF:/MyProject/Python-3.12.12/harmony_deps/aarch64/include/SDL2 -IF:/MyProject/third_party_ffmpeg/install-harmony-aarch64/include -O2 -march=armv8.2-a build/harmony39-aarch64/temp/tmp/gen3/renpy.pygame.controller.o -LF:/MyProject/workspace_temp/build_py39_aarch64 -lSDL2 -lpython3.9 -lpython3.9 -o build/harmony39-aarch64/lib/renpy/pygame/controller.cpython-39-x86_64-linux-ohos.so
building 'renpy.pygame.rect' extension
C:/msys64/ohos-sdk/llvm/bin/clang.exe --target=aarch64-unknown-linux-ohos --sysroot=C:/msys64/ohos-sdk/sysroot -D__MUSL__ -IF:/MyProject/Python-3.9.25/Include -IF:/MyProject/workspace_temp/build_py39_aarch64 -IF:/MyProject/Python-3.12.12/harmony_deps/aarch64/include -IF:/MyProject/Python-3.12.12/harmony_deps/aarch64/include/SDL2 -IF:/MyProject/third_party_ffmpeg/install-harmony-aarch64/include -O2 -march=armv8.2-a -fPIC -Isrc -Itmp/gen3 -IF:/MyProject/Python-3.12.12/harmony_deps/aarch64/include/libpng16 -IF:/MyProject/Python-3.12.12/harmony_deps/aarch64/include -IF:/MyProject/third_party_ffmpeg/install-harmony-aarch64/include -IF:/MyProject/Python-3.12.12/harmony_deps/aarch64/include/freetype2 -IF:/MyProject/Python-3.12.12/harmony_deps/aarch64/include/harfbuzz -IF:/MyProject/Python-3.12.12/harmony_deps/aarch64/include/fribidi -Isrc -Itmp/gen3 -IF:/MyProject/Python-3.12.12/harmony_deps/aarch64/include/libpng16 -IF:/MyProject/Python-3.12.12/harmony_deps/aarch64/include -IF:/MyProject/third_party_ffmpeg/install-harmony-aarch64/include -IF:/MyProject/Python-3.12.12/harmony_deps/aarch64/include/freetype2 -IF:/MyProject/Python-3.12.12/harmony_deps/aarch64/include/harfbuzz -IF:/MyProject/Python-3.12.12/harmony_deps/aarch64/include/fribidi -IF:/MyProject/Python-3.9.25/Include -c tmp/gen3/renpy.pygame.rect.c -o build/harmony39-aarch64/temp/tmp/gen3/renpy.pygame.rect.o -std=gnu99 -Wno-unused-function
  [harmony_setup] Replaced host Python lib 'python3.14' with 'python3.9'
C:/msys64/ohos-sdk/llvm/bin/clang.exe --target=aarch64-unknown-linux-ohos --sysroot=C:/msys64/ohos-sdk/sysroot -D__MUSL__ -shared -LF:/MyProject/workspace_temp/build_py39_aarch64 -LF:/MyProject/Python-3.12.12/harmony_deps/aarch64/lib -LF:/MyProject/third_party_ffmpeg/install-harmony-aarch64/lib -lpython3.9 -IF:/MyProject/Python-3.9.25/Include -IF:/MyProject/workspace_temp/build_py39_aarch64 -IF:/MyProject/Python-3.12.12/harmony_deps/aarch64/include -IF:/MyProject/Python-3.12.12/harmony_deps/aarch64/include/SDL2 -IF:/MyProject/third_party_ffmpeg/install-harmony-aarch64/include -O2 -march=armv8.2-a build/harmony39-aarch64/temp/tmp/gen3/renpy.pygame.rect.o -LF:/MyProject/workspace_temp/build_py39_aarch64 -lSDL2 -lpython3.9 -lpython3.9 -o build/harmony39-aarch64/lib/renpy/pygame/rect.cpython-39-x86_64-linux-ohos.so
building 'renpy.pygame.rwobject' extension
C:/msys64/ohos-sdk/llvm/bin/clang.exe --target=aarch64-unknown-linux-ohos --sysroot=C:/msys64/ohos-sdk/sysroot -D__MUSL__ -IF:/MyProject/Python-3.9.25/Include -IF:/MyProject/workspace_temp/build_py39_aarch64 -IF:/MyProject/Python-3.12.12/harmony_deps/aarch64/include -IF:/MyProject/Python-3.12.12/harmony_deps/aarch64/include/SDL2 -IF:/MyProject/third_party_ffmpeg/install-harmony-aarch64/include -O2 -march=armv8.2-a -fPIC -Isrc -Itmp/gen3 -IF:/MyProject/Python-3.12.12/harmony_deps/aarch64/include/libpng16 -IF:/MyProject/Python-3.12.12/harmony_deps/aarch64/include -IF:/MyProject/third_party_ffmpeg/install-harmony-aarch64/include -IF:/MyProject/Python-3.12.12/harmony_deps/aarch64/include/freetype2 -IF:/MyProject/Python-3.12.12/harmony_deps/aarch64/include/harfbuzz -IF:/MyProject/Python-3.12.12/harmony_deps/aarch64/include/fribidi -Isrc -Itmp/gen3 -IF:/MyProject/Python-3.12.12/harmony_deps/aarch64/include/libpng16 -IF:/MyProject/Python-3.12.12/harmony_deps/aarch64/include -IF:/MyProject/third_party_ffmpeg/install-harmony-aarch64/include -IF:/MyProject/Python-3.12.12/harmony_deps/aarch64/include/freetype2 -IF:/MyProject/Python-3.12.12/harmony_deps/aarch64/include/harfbuzz -IF:/MyProject/Python-3.12.12/harmony_deps/aarch64/include/fribidi -IF:/MyProject/Python-3.9.25/Include -c tmp/gen3/renpy.pygame.rwobject.c -o build/harmony39-aarch64/temp/tmp/gen3/renpy.pygame.rwobject.o -std=gnu99 -Wno-unused-function
In file included from tmp/gen3/renpy.pygame.rwobject.c:1127:
src/pygame/python_threads.h:12:48: warning: 'PyEval_InitThreads' is deprecated [-Wdeprecated-declarations]
static inline void init_python_threads(void) { PyEval_InitThreads(); }
                                               ^
F:/MyProject/Python-3.9.25/Include/ceval.h:130:1: note: 'PyEval_InitThreads' has been explicitly marked deprecated here
Py_DEPRECATED(3.9) PyAPI_FUNC(void) PyEval_InitThreads(void);
^
F:/MyProject/Python-3.9.25/Include/pyport.h:508:54: note: expanded from macro 'Py_DEPRECATED'
#define Py_DEPRECATED(VERSION_UNUSED) __attribute__((__deprecated__))
                                                     ^
1 warning generated.
  [harmony_setup] Replaced host Python lib 'python3.14' with 'python3.9'
C:/msys64/ohos-sdk/llvm/bin/clang.exe --target=aarch64-unknown-linux-ohos --sysroot=C:/msys64/ohos-sdk/sysroot -D__MUSL__ -shared -LF:/MyProject/workspace_temp/build_py39_aarch64 -LF:/MyProject/Python-3.12.12/harmony_deps/aarch64/lib -LF:/MyProject/third_party_ffmpeg/install-harmony-aarch64/lib -lpython3.9 -IF:/MyProject/Python-3.9.25/Include -IF:/MyProject/workspace_temp/build_py39_aarch64 -IF:/MyProject/Python-3.12.12/harmony_deps/aarch64/include -IF:/MyProject/Python-3.12.12/harmony_deps/aarch64/include/SDL2 -IF:/MyProject/third_party_ffmpeg/install-harmony-aarch64/include -O2 -march=armv8.2-a build/harmony39-aarch64/temp/tmp/gen3/renpy.pygame.rwobject.o -LF:/MyProject/workspace_temp/build_py39_aarch64 -lSDL2 -lpython3.9 -lpython3.9 -o build/harmony39-aarch64/lib/renpy/pygame/rwobject.cpython-39-x86_64-linux-ohos.so
building 'renpy.pygame.surface' extension
C:/msys64/ohos-sdk/llvm/bin/clang.exe --target=aarch64-unknown-linux-ohos --sysroot=C:/msys64/ohos-sdk/sysroot -D__MUSL__ -IF:/MyProject/Python-3.9.25/Include -IF:/MyProject/workspace_temp/build_py39_aarch64 -IF:/MyProject/Python-3.12.12/harmony_deps/aarch64/include -IF:/MyProject/Python-3.12.12/harmony_deps/aarch64/include/SDL2 -IF:/MyProject/third_party_ffmpeg/install-harmony-aarch64/include -O2 -march=armv8.2-a -fPIC -Isrc -Itmp/gen3 -IF:/MyProject/Python-3.12.12/harmony_deps/aarch64/include/libpng16 -IF:/MyProject/Python-3.12.12/harmony_deps/aarch64/include -IF:/MyProject/third_party_ffmpeg/install-harmony-aarch64/include -IF:/MyProject/Python-3.12.12/harmony_deps/aarch64/include/freetype2 -IF:/MyProject/Python-3.12.12/harmony_deps/aarch64/include/harfbuzz -IF:/MyProject/Python-3.12.12/harmony_deps/aarch64/include/fribidi -Isrc -Itmp/gen3 -IF:/MyProject/Python-3.12.12/harmony_deps/aarch64/include/libpng16 -IF:/MyProject/Python-3.12.12/harmony_deps/aarch64/include -IF:/MyProject/third_party_ffmpeg/install-harmony-aarch64/include -IF:/MyProject/Python-3.12.12/harmony_deps/aarch64/include/freetype2 -IF:/MyProject/Python-3.12.12/harmony_deps/aarch64/include/harfbuzz -IF:/MyProject/Python-3.12.12/harmony_deps/aarch64/include/fribidi -IF:/MyProject/Python-3.9.25/Include -c src/pygame/alphablit.c -o build/harmony39-aarch64/temp/src/pygame/alphablit.o -std=gnu99 -Wno-unused-function
C:/msys64/ohos-sdk/llvm/bin/clang.exe --target=aarch64-unknown-linux-ohos --sysroot=C:/msys64/ohos-sdk/sysroot -D__MUSL__ -IF:/MyProject/Python-3.9.25/Include -IF:/MyProject/workspace_temp/build_py39_aarch64 -IF:/MyProject/Python-3.12.12/harmony_deps/aarch64/include -IF:/MyProject/Python-3.12.12/harmony_deps/aarch64/include/SDL2 -IF:/MyProject/third_party_ffmpeg/install-harmony-aarch64/include -O2 -march=armv8.2-a -fPIC -Isrc -Itmp/gen3 -IF:/MyProject/Python-3.12.12/harmony_deps/aarch64/include/libpng16 -IF:/MyProject/Python-3.12.12/harmony_deps/aarch64/include -IF:/MyProject/third_party_ffmpeg/install-harmony-aarch64/include -IF:/MyProject/Python-3.12.12/harmony_deps/aarch64/include/freetype2 -IF:/MyProject/Python-3.12.12/harmony_deps/aarch64/include/harfbuzz -IF:/MyProject/Python-3.12.12/harmony_deps/aarch64/include/fribidi -Isrc -Itmp/gen3 -IF:/MyProject/Python-3.12.12/harmony_deps/aarch64/include/libpng16 -IF:/MyProject/Python-3.12.12/harmony_deps/aarch64/include -IF:/MyProject/third_party_ffmpeg/install-harmony-aarch64/include -IF:/MyProject/Python-3.12.12/harmony_deps/aarch64/include/freetype2 -IF:/MyProject/Python-3.12.12/harmony_deps/aarch64/include/harfbuzz -IF:/MyProject/Python-3.12.12/harmony_deps/aarch64/include/fribidi -IF:/MyProject/Python-3.9.25/Include -c tmp/gen3/renpy.pygame.surface.c -o build/harmony39-aarch64/temp/tmp/gen3/renpy.pygame.surface.o -std=gnu99 -Wno-unused-function
  [harmony_setup] Replaced host Python lib 'python3.14' with 'python3.9'
C:/msys64/ohos-sdk/llvm/bin/clang.exe --target=aarch64-unknown-linux-ohos --sysroot=C:/msys64/ohos-sdk/sysroot -D__MUSL__ -shared -LF:/MyProject/workspace_temp/build_py39_aarch64 -LF:/MyProject/Python-3.12.12/harmony_deps/aarch64/lib -LF:/MyProject/third_party_ffmpeg/install-harmony-aarch64/lib -lpython3.9 -IF:/MyProject/Python-3.9.25/Include -IF:/MyProject/workspace_temp/build_py39_aarch64 -IF:/MyProject/Python-3.12.12/harmony_deps/aarch64/include -IF:/MyProject/Python-3.12.12/harmony_deps/aarch64/include/SDL2 -IF:/MyProject/third_party_ffmpeg/install-harmony-aarch64/include -O2 -march=armv8.2-a build/harmony39-aarch64/temp/src/pygame/alphablit.o build/harmony39-aarch64/temp/tmp/gen3/renpy.pygame.surface.o -LF:/MyProject/workspace_temp/build_py39_aarch64 -lSDL2 -lpython3.9 -lpython3.9 -o build/harmony39-aarch64/lib/renpy/pygame/surface.cpython-39-x86_64-linux-ohos.so
building 'renpy.pygame.display' extension
C:/msys64/ohos-sdk/llvm/bin/clang.exe --target=aarch64-unknown-linux-ohos --sysroot=C:/msys64/ohos-sdk/sysroot -D__MUSL__ -IF:/MyProject/Python-3.9.25/Include -IF:/MyProject/workspace_temp/build_py39_aarch64 -IF:/MyProject/Python-3.12.12/harmony_deps/aarch64/include -IF:/MyProject/Python-3.12.12/harmony_deps/aarch64/include/SDL2 -IF:/MyProject/third_party_ffmpeg/install-harmony-aarch64/include -O2 -march=armv8.2-a -fPIC -Isrc -Itmp/gen3 -IF:/MyProject/Python-3.12.12/harmony_deps/aarch64/include/libpng16 -IF:/MyProject/Python-3.12.12/harmony_deps/aarch64/include -IF:/MyProject/third_party_ffmpeg/install-harmony-aarch64/include -IF:/MyProject/Python-3.12.12/harmony_deps/aarch64/include/freetype2 -IF:/MyProject/Python-3.12.12/harmony_deps/aarch64/include/harfbuzz -IF:/MyProject/Python-3.12.12/harmony_deps/aarch64/include/fribidi -Isrc -Itmp/gen3 -IF:/MyProject/Python-3.12.12/harmony_deps/aarch64/include/libpng16 -IF:/MyProject/Python-3.12.12/harmony_deps/aarch64/include -IF:/MyProject/third_party_ffmpeg/install-harmony-aarch64/include -IF:/MyProject/Python-3.12.12/harmony_deps/aarch64/include/freetype2 -IF:/MyProject/Python-3.12.12/harmony_deps/aarch64/include/harfbuzz -IF:/MyProject/Python-3.12.12/harmony_deps/aarch64/include/fribidi -IF:/MyProject/Python-3.9.25/Include -c tmp/gen3/renpy.pygame.display.c -o build/harmony39-aarch64/temp/tmp/gen3/renpy.pygame.display.o -std=gnu99 -Wno-unused-function
  [harmony_setup] Replaced host Python lib 'python3.14' with 'python3.9'
C:/msys64/ohos-sdk/llvm/bin/clang.exe --target=aarch64-unknown-linux-ohos --sysroot=C:/msys64/ohos-sdk/sysroot -D__MUSL__ -shared -LF:/MyProject/workspace_temp/build_py39_aarch64 -LF:/MyProject/Python-3.12.12/harmony_deps/aarch64/lib -LF:/MyProject/third_party_ffmpeg/install-harmony-aarch64/lib -lpython3.9 -IF:/MyProject/Python-3.9.25/Include -IF:/MyProject/workspace_temp/build_py39_aarch64 -IF:/MyProject/Python-3.12.12/harmony_deps/aarch64/include -IF:/MyProject/Python-3.12.12/harmony_deps/aarch64/include/SDL2 -IF:/MyProject/third_party_ffmpeg/install-harmony-aarch64/include -O2 -march=armv8.2-a build/harmony39-aarch64/temp/tmp/gen3/renpy.pygame.display.o -LF:/MyProject/workspace_temp/build_py39_aarch64 -lSDL2 -lpython3.9 -lpython3.9 -o build/harmony39-aarch64/lib/renpy/pygame/display.cpython-39-x86_64-linux-ohos.so
building 'renpy.pygame.event' extension
C:/msys64/ohos-sdk/llvm/bin/clang.exe --target=aarch64-unknown-linux-ohos --sysroot=C:/msys64/ohos-sdk/sysroot -D__MUSL__ -IF:/MyProject/Python-3.9.25/Include -IF:/MyProject/workspace_temp/build_py39_aarch64 -IF:/MyProject/Python-3.12.12/harmony_deps/aarch64/include -IF:/MyProject/Python-3.12.12/harmony_deps/aarch64/include/SDL2 -IF:/MyProject/third_party_ffmpeg/install-harmony-aarch64/include -O2 -march=armv8.2-a -fPIC -Isrc -Itmp/gen3 -IF:/MyProject/Python-3.12.12/harmony_deps/aarch64/include/libpng16 -IF:/MyProject/Python-3.12.12/harmony_deps/aarch64/include -IF:/MyProject/third_party_ffmpeg/install-harmony-aarch64/include -IF:/MyProject/Python-3.12.12/harmony_deps/aarch64/include/freetype2 -IF:/MyProject/Python-3.12.12/harmony_deps/aarch64/include/harfbuzz -IF:/MyProject/Python-3.12.12/harmony_deps/aarch64/include/fribidi -Isrc -Itmp/gen3 -IF:/MyProject/Python-3.12.12/harmony_deps/aarch64/include/libpng16 -IF:/MyProject/Python-3.12.12/harmony_deps/aarch64/include -IF:/MyProject/third_party_ffmpeg/install-harmony-aarch64/include -IF:/MyProject/Python-3.12.12/harmony_deps/aarch64/include/freetype2 -IF:/MyProject/Python-3.12.12/harmony_deps/aarch64/include/harfbuzz -IF:/MyProject/Python-3.12.12/harmony_deps/aarch64/include/fribidi -IF:/MyProject/Python-3.9.25/Include -c tmp/gen3/renpy.pygame.event.c -o build/harmony39-aarch64/temp/tmp/gen3/renpy.pygame.event.o -std=gnu99 -Wno-unused-function
  [harmony_setup] Replaced host Python lib 'python3.14' with 'python3.9'
C:/msys64/ohos-sdk/llvm/bin/clang.exe --target=aarch64-unknown-linux-ohos --sysroot=C:/msys64/ohos-sdk/sysroot -D__MUSL__ -shared -LF:/MyProject/workspace_temp/build_py39_aarch64 -LF:/MyProject/Python-3.12.12/harmony_deps/aarch64/lib -LF:/MyProject/third_party_ffmpeg/install-harmony-aarch64/lib -lpython3.9 -IF:/MyProject/Python-3.9.25/Include -IF:/MyProject/workspace_temp/build_py39_aarch64 -IF:/MyProject/Python-3.12.12/harmony_deps/aarch64/include -IF:/MyProject/Python-3.12.12/harmony_deps/aarch64/include/SDL2 -IF:/MyProject/third_party_ffmpeg/install-harmony-aarch64/include -O2 -march=armv8.2-a build/harmony39-aarch64/temp/tmp/gen3/renpy.pygame.event.o -LF:/MyProject/workspace_temp/build_py39_aarch64 -lSDL2 -lpython3.9 -lpython3.9 -o build/harmony39-aarch64/lib/renpy/pygame/event.cpython-39-x86_64-linux-ohos.so
building 'renpy.pygame.locals' extension
C:/msys64/ohos-sdk/llvm/bin/clang.exe --target=aarch64-unknown-linux-ohos --sysroot=C:/msys64/ohos-sdk/sysroot -D__MUSL__ -IF:/MyProject/Python-3.9.25/Include -IF:/MyProject/workspace_temp/build_py39_aarch64 -IF:/MyProject/Python-3.12.12/harmony_deps/aarch64/include -IF:/MyProject/Python-3.12.12/harmony_deps/aarch64/include/SDL2 -IF:/MyProject/third_party_ffmpeg/install-harmony-aarch64/include -O2 -march=armv8.2-a -fPIC -Isrc -Itmp/gen3 -IF:/MyProject/Python-3.12.12/harmony_deps/aarch64/include/libpng16 -IF:/MyProject/Python-3.12.12/harmony_deps/aarch64/include -IF:/MyProject/third_party_ffmpeg/install-harmony-aarch64/include -IF:/MyProject/Python-3.12.12/harmony_deps/aarch64/include/freetype2 -IF:/MyProject/Python-3.12.12/harmony_deps/aarch64/include/harfbuzz -IF:/MyProject/Python-3.12.12/harmony_deps/aarch64/include/fribidi -Isrc -Itmp/gen3 -IF:/MyProject/Python-3.12.12/harmony_deps/aarch64/include/libpng16 -IF:/MyProject/Python-3.12.12/harmony_deps/aarch64/include -IF:/MyProject/third_party_ffmpeg/install-harmony-aarch64/include -IF:/MyProject/Python-3.12.12/harmony_deps/aarch64/include/freetype2 -IF:/MyProject/Python-3.12.12/harmony_deps/aarch64/include/harfbuzz -IF:/MyProject/Python-3.12.12/harmony_deps/aarch64/include/fribidi -IF:/MyProject/Python-3.9.25/Include -c tmp/gen3/renpy.pygame.locals.c -o build/harmony39-aarch64/temp/tmp/gen3/renpy.pygame.locals.o -std=gnu99 -Wno-unused-function
  [harmony_setup] Replaced host Python lib 'python3.14' with 'python3.9'
C:/msys64/ohos-sdk/llvm/bin/clang.exe --target=aarch64-unknown-linux-ohos --sysroot=C:/msys64/ohos-sdk/sysroot -D__MUSL__ -shared -LF:/MyProject/workspace_temp/build_py39_aarch64 -LF:/MyProject/Python-3.12.12/harmony_deps/aarch64/lib -LF:/MyProject/third_party_ffmpeg/install-harmony-aarch64/lib -lpython3.9 -IF:/MyProject/Python-3.9.25/Include -IF:/MyProject/workspace_temp/build_py39_aarch64 -IF:/MyProject/Python-3.12.12/harmony_deps/aarch64/include -IF:/MyProject/Python-3.12.12/harmony_deps/aarch64/include/SDL2 -IF:/MyProject/third_party_ffmpeg/install-harmony-aarch64/include -O2 -march=armv8.2-a build/harmony39-aarch64/temp/tmp/gen3/renpy.pygame.locals.o -LF:/MyProject/workspace_temp/build_py39_aarch64 -lSDL2 -lpython3.9 -lpython3.9 -o build/harmony39-aarch64/lib/renpy/pygame/locals.cpython-39-x86_64-linux-ohos.so
building 'renpy.pygame.key' extension
C:/msys64/ohos-sdk/llvm/bin/clang.exe --target=aarch64-unknown-linux-ohos --sysroot=C:/msys64/ohos-sdk/sysroot -D__MUSL__ -IF:/MyProject/Python-3.9.25/Include -IF:/MyProject/workspace_temp/build_py39_aarch64 -IF:/MyProject/Python-3.12.12/harmony_deps/aarch64/include -IF:/MyProject/Python-3.12.12/harmony_deps/aarch64/include/SDL2 -IF:/MyProject/third_party_ffmpeg/install-harmony-aarch64/include -O2 -march=armv8.2-a -fPIC -Isrc -Itmp/gen3 -IF:/MyProject/Python-3.12.12/harmony_deps/aarch64/include/libpng16 -IF:/MyProject/Python-3.12.12/harmony_deps/aarch64/include -IF:/MyProject/third_party_ffmpeg/install-harmony-aarch64/include -IF:/MyProject/Python-3.12.12/harmony_deps/aarch64/include/freetype2 -IF:/MyProject/Python-3.12.12/harmony_deps/aarch64/include/harfbuzz -IF:/MyProject/Python-3.12.12/harmony_deps/aarch64/include/fribidi -Isrc -Itmp/gen3 -IF:/MyProject/Python-3.12.12/harmony_deps/aarch64/include/libpng16 -IF:/MyProject/Python-3.12.12/harmony_deps/aarch64/include -IF:/MyProject/third_party_ffmpeg/install-harmony-aarch64/include -IF:/MyProject/Python-3.12.12/harmony_deps/aarch64/include/freetype2 -IF:/MyProject/Python-3.12.12/harmony_deps/aarch64/include/harfbuzz -IF:/MyProject/Python-3.12.12/harmony_deps/aarch64/include/fribidi -IF:/MyProject/Python-3.9.25/Include -c tmp/gen3/renpy.pygame.key.c -o build/harmony39-aarch64/temp/tmp/gen3/renpy.pygame.key.o -std=gnu99 -Wno-unused-function
tmp/gen3/renpy.pygame.key.c:2873:17: warning: assigning to 'uint8_t *' (aka 'unsigned char *') from 'const Uint8 *' (aka 'const unsigned char *') discards qualifiers [-Wincompatible-pointer-types-discards-qualifiers]
  __pyx_v_state = SDL_GetKeyboardState((&__pyx_v_self->numkeys));
                ^ ~~~~~~~~~~~~~~~~~~~~~~~~~~~~~~~~~~~~~~~~~~~~~~
1 warning generated.
  [harmony_setup] Replaced host Python lib 'python3.14' with 'python3.9'
C:/msys64/ohos-sdk/llvm/bin/clang.exe --target=aarch64-unknown-linux-ohos --sysroot=C:/msys64/ohos-sdk/sysroot -D__MUSL__ -shared -LF:/MyProject/workspace_temp/build_py39_aarch64 -LF:/MyProject/Python-3.12.12/harmony_deps/aarch64/lib -LF:/MyProject/third_party_ffmpeg/install-harmony-aarch64/lib -lpython3.9 -IF:/MyProject/Python-3.9.25/Include -IF:/MyProject/workspace_temp/build_py39_aarch64 -IF:/MyProject/Python-3.12.12/harmony_deps/aarch64/include -IF:/MyProject/Python-3.12.12/harmony_deps/aarch64/include/SDL2 -IF:/MyProject/third_party_ffmpeg/install-harmony-aarch64/include -O2 -march=armv8.2-a build/harmony39-aarch64/temp/tmp/gen3/renpy.pygame.key.o -LF:/MyProject/workspace_temp/build_py39_aarch64 -lSDL2 -lpython3.9 -lpython3.9 -o build/harmony39-aarch64/lib/renpy/pygame/key.cpython-39-x86_64-linux-ohos.so
building 'renpy.pygame.mouse' extension
C:/msys64/ohos-sdk/llvm/bin/clang.exe --target=aarch64-unknown-linux-ohos --sysroot=C:/msys64/ohos-sdk/sysroot -D__MUSL__ -IF:/MyProject/Python-3.9.25/Include -IF:/MyProject/workspace_temp/build_py39_aarch64 -IF:/MyProject/Python-3.12.12/harmony_deps/aarch64/include -IF:/MyProject/Python-3.12.12/harmony_deps/aarch64/include/SDL2 -IF:/MyProject/third_party_ffmpeg/install-harmony-aarch64/include -O2 -march=armv8.2-a -fPIC -Isrc -Itmp/gen3 -IF:/MyProject/Python-3.12.12/harmony_deps/aarch64/include/libpng16 -IF:/MyProject/Python-3.12.12/harmony_deps/aarch64/include -IF:/MyProject/third_party_ffmpeg/install-harmony-aarch64/include -IF:/MyProject/Python-3.12.12/harmony_deps/aarch64/include/freetype2 -IF:/MyProject/Python-3.12.12/harmony_deps/aarch64/include/harfbuzz -IF:/MyProject/Python-3.12.12/harmony_deps/aarch64/include/fribidi -Isrc -Itmp/gen3 -IF:/MyProject/Python-3.12.12/harmony_deps/aarch64/include/libpng16 -IF:/MyProject/Python-3.12.12/harmony_deps/aarch64/include -IF:/MyProject/third_party_ffmpeg/install-harmony-aarch64/include -IF:/MyProject/Python-3.12.12/harmony_deps/aarch64/include/freetype2 -IF:/MyProject/Python-3.12.12/harmony_deps/aarch64/include/harfbuzz -IF:/MyProject/Python-3.12.12/harmony_deps/aarch64/include/fribidi -IF:/MyProject/Python-3.9.25/Include -c tmp/gen3/renpy.pygame.mouse.c -o build/harmony39-aarch64/temp/tmp/gen3/renpy.pygame.mouse.o -std=gnu99 -Wno-unused-function
  [harmony_setup] Replaced host Python lib 'python3.14' with 'python3.9'
C:/msys64/ohos-sdk/llvm/bin/clang.exe --target=aarch64-unknown-linux-ohos --sysroot=C:/msys64/ohos-sdk/sysroot -D__MUSL__ -shared -LF:/MyProject/workspace_temp/build_py39_aarch64 -LF:/MyProject/Python-3.12.12/harmony_deps/aarch64/lib -LF:/MyProject/third_party_ffmpeg/install-harmony-aarch64/lib -lpython3.9 -IF:/MyProject/Python-3.9.25/Include -IF:/MyProject/workspace_temp/build_py39_aarch64 -IF:/MyProject/Python-3.12.12/harmony_deps/aarch64/include -IF:/MyProject/Python-3.12.12/harmony_deps/aarch64/include/SDL2 -IF:/MyProject/third_party_ffmpeg/install-harmony-aarch64/include -O2 -march=armv8.2-a build/harmony39-aarch64/temp/tmp/gen3/renpy.pygame.mouse.o -LF:/MyProject/workspace_temp/build_py39_aarch64 -lSDL2 -lpython3.9 -lpython3.9 -o build/harmony39-aarch64/lib/renpy/pygame/mouse.cpython-39-x86_64-linux-ohos.so
building 'renpy.pygame.joystick' extension
C:/msys64/ohos-sdk/llvm/bin/clang.exe --target=aarch64-unknown-linux-ohos --sysroot=C:/msys64/ohos-sdk/sysroot -D__MUSL__ -IF:/MyProject/Python-3.9.25/Include -IF:/MyProject/workspace_temp/build_py39_aarch64 -IF:/MyProject/Python-3.12.12/harmony_deps/aarch64/include -IF:/MyProject/Python-3.12.12/harmony_deps/aarch64/include/SDL2 -IF:/MyProject/third_party_ffmpeg/install-harmony-aarch64/include -O2 -march=armv8.2-a -fPIC -Isrc -Itmp/gen3 -IF:/MyProject/Python-3.12.12/harmony_deps/aarch64/include/libpng16 -IF:/MyProject/Python-3.12.12/harmony_deps/aarch64/include -IF:/MyProject/third_party_ffmpeg/install-harmony-aarch64/include -IF:/MyProject/Python-3.12.12/harmony_deps/aarch64/include/freetype2 -IF:/MyProject/Python-3.12.12/harmony_deps/aarch64/include/harfbuzz -IF:/MyProject/Python-3.12.12/harmony_deps/aarch64/include/fribidi -Isrc -Itmp/gen3 -IF:/MyProject/Python-3.12.12/harmony_deps/aarch64/include/libpng16 -IF:/MyProject/Python-3.12.12/harmony_deps/aarch64/include -IF:/MyProject/third_party_ffmpeg/install-harmony-aarch64/include -IF:/MyProject/Python-3.12.12/harmony_deps/aarch64/include/freetype2 -IF:/MyProject/Python-3.12.12/harmony_deps/aarch64/include/harfbuzz -IF:/MyProject/Python-3.12.12/harmony_deps/aarch64/include/fribidi -IF:/MyProject/Python-3.9.25/Include -c tmp/gen3/renpy.pygame.joystick.c -o build/harmony39-aarch64/temp/tmp/gen3/renpy.pygame.joystick.o -std=gnu99 -Wno-unused-function
tmp/gen3/renpy.pygame.joystick.c:3756:14: warning: assigning to 'char *' from 'const char *' discards qualifiers [-Wincompatible-pointer-types-discards-qualifiers]
  __pyx_v_rv = SDL_JoystickName(__pyx_v_self->joystick);
             ^ ~~~~~~~~~~~~~~~~~~~~~~~~~~~~~~~~~~~~~~~~
1 warning generated.
  [harmony_setup] Replaced host Python lib 'python3.14' with 'python3.9'
C:/msys64/ohos-sdk/llvm/bin/clang.exe --target=aarch64-unknown-linux-ohos --sysroot=C:/msys64/ohos-sdk/sysroot -D__MUSL__ -shared -LF:/MyProject/workspace_temp/build_py39_aarch64 -LF:/MyProject/Python-3.12.12/harmony_deps/aarch64/lib -LF:/MyProject/third_party_ffmpeg/install-harmony-aarch64/lib -lpython3.9 -IF:/MyProject/Python-3.9.25/Include -IF:/MyProject/workspace_temp/build_py39_aarch64 -IF:/MyProject/Python-3.12.12/harmony_deps/aarch64/include -IF:/MyProject/Python-3.12.12/harmony_deps/aarch64/include/SDL2 -IF:/MyProject/third_party_ffmpeg/install-harmony-aarch64/include -O2 -march=armv8.2-a build/harmony39-aarch64/temp/tmp/gen3/renpy.pygame.joystick.o -LF:/MyProject/workspace_temp/build_py39_aarch64 -lSDL2 -lpython3.9 -lpython3.9 -o build/harmony39-aarch64/lib/renpy/pygame/joystick.cpython-39-x86_64-linux-ohos.so
building 'renpy.pygame.power' extension
C:/msys64/ohos-sdk/llvm/bin/clang.exe --target=aarch64-unknown-linux-ohos --sysroot=C:/msys64/ohos-sdk/sysroot -D__MUSL__ -IF:/MyProject/Python-3.9.25/Include -IF:/MyProject/workspace_temp/build_py39_aarch64 -IF:/MyProject/Python-3.12.12/harmony_deps/aarch64/include -IF:/MyProject/Python-3.12.12/harmony_deps/aarch64/include/SDL2 -IF:/MyProject/third_party_ffmpeg/install-harmony-aarch64/include -O2 -march=armv8.2-a -fPIC -Isrc -Itmp/gen3 -IF:/MyProject/Python-3.12.12/harmony_deps/aarch64/include/libpng16 -IF:/MyProject/Python-3.12.12/harmony_deps/aarch64/include -IF:/MyProject/third_party_ffmpeg/install-harmony-aarch64/include -IF:/MyProject/Python-3.12.12/harmony_deps/aarch64/include/freetype2 -IF:/MyProject/Python-3.12.12/harmony_deps/aarch64/include/harfbuzz -IF:/MyProject/Python-3.12.12/harmony_deps/aarch64/include/fribidi -Isrc -Itmp/gen3 -IF:/MyProject/Python-3.12.12/harmony_deps/aarch64/include/libpng16 -IF:/MyProject/Python-3.12.12/harmony_deps/aarch64/include -IF:/MyProject/third_party_ffmpeg/install-harmony-aarch64/include -IF:/MyProject/Python-3.12.12/harmony_deps/aarch64/include/freetype2 -IF:/MyProject/Python-3.12.12/harmony_deps/aarch64/include/harfbuzz -IF:/MyProject/Python-3.12.12/harmony_deps/aarch64/include/fribidi -IF:/MyProject/Python-3.9.25/Include -c tmp/gen3/renpy.pygame.power.c -o build/harmony39-aarch64/temp/tmp/gen3/renpy.pygame.power.o -std=gnu99 -Wno-unused-function
  [harmony_setup] Replaced host Python lib 'python3.14' with 'python3.9'
C:/msys64/ohos-sdk/llvm/bin/clang.exe --target=aarch64-unknown-linux-ohos --sysroot=C:/msys64/ohos-sdk/sysroot -D__MUSL__ -shared -LF:/MyProject/workspace_temp/build_py39_aarch64 -LF:/MyProject/Python-3.12.12/harmony_deps/aarch64/lib -LF:/MyProject/third_party_ffmpeg/install-harmony-aarch64/lib -lpython3.9 -IF:/MyProject/Python-3.9.25/Include -IF:/MyProject/workspace_temp/build_py39_aarch64 -IF:/MyProject/Python-3.12.12/harmony_deps/aarch64/include -IF:/MyProject/Python-3.12.12/harmony_deps/aarch64/include/SDL2 -IF:/MyProject/third_party_ffmpeg/install-harmony-aarch64/include -O2 -march=armv8.2-a build/harmony39-aarch64/temp/tmp/gen3/renpy.pygame.power.o -LF:/MyProject/workspace_temp/build_py39_aarch64 -lSDL2 -lpython3.9 -lpython3.9 -o build/harmony39-aarch64/lib/renpy/pygame/power.cpython-39-x86_64-linux-ohos.so
building 'renpy.pygame.pygame_time' extension
C:/msys64/ohos-sdk/llvm/bin/clang.exe --target=aarch64-unknown-linux-ohos --sysroot=C:/msys64/ohos-sdk/sysroot -D__MUSL__ -IF:/MyProject/Python-3.9.25/Include -IF:/MyProject/workspace_temp/build_py39_aarch64 -IF:/MyProject/Python-3.12.12/harmony_deps/aarch64/include -IF:/MyProject/Python-3.12.12/harmony_deps/aarch64/include/SDL2 -IF:/MyProject/third_party_ffmpeg/install-harmony-aarch64/include -O2 -march=armv8.2-a -fPIC -Isrc -Itmp/gen3 -IF:/MyProject/Python-3.12.12/harmony_deps/aarch64/include/libpng16 -IF:/MyProject/Python-3.12.12/harmony_deps/aarch64/include -IF:/MyProject/third_party_ffmpeg/install-harmony-aarch64/include -IF:/MyProject/Python-3.12.12/harmony_deps/aarch64/include/freetype2 -IF:/MyProject/Python-3.12.12/harmony_deps/aarch64/include/harfbuzz -IF:/MyProject/Python-3.12.12/harmony_deps/aarch64/include/fribidi -Isrc -Itmp/gen3 -IF:/MyProject/Python-3.12.12/harmony_deps/aarch64/include/libpng16 -IF:/MyProject/Python-3.12.12/harmony_deps/aarch64/include -IF:/MyProject/third_party_ffmpeg/install-harmony-aarch64/include -IF:/MyProject/Python-3.12.12/harmony_deps/aarch64/include/freetype2 -IF:/MyProject/Python-3.12.12/harmony_deps/aarch64/include/harfbuzz -IF:/MyProject/Python-3.12.12/harmony_deps/aarch64/include/fribidi -IF:/MyProject/Python-3.9.25/Include -c tmp/gen3/renpy.pygame.pygame_time.c -o build/harmony39-aarch64/temp/tmp/gen3/renpy.pygame.pygame_time.o -std=gnu99 -Wno-unused-function
tmp/gen3/renpy.pygame.pygame_time.c:3274:21: warning: cast to smaller integer type 'int' from 'void *' [-Wvoid-pointer-to-int-cast]
  __pyx_v_e.type = ((int)__pyx_v_param);
                    ^~~~~~~~~~~~~~~~~~
tmp/gen3/renpy.pygame.pygame_time.c:3528:123: warning: cast to 'void *' from smaller integer type 'int' [-Wint-to-void-pointer-cast]
    __pyx_v_timer_id = SDL_AddTimer(__pyx_t_4, ((SDL_TimerCallback)__pyx_f_5renpy_6pygame_11pygame_time_timer_callback), ((void *)((int)__pyx_t_2)));
                                                                                                                          ^~~~~~~~~~~~~~~~~~~~~~~~
2 warnings generated.
  [harmony_setup] Replaced host Python lib 'python3.14' with 'python3.9'
C:/msys64/ohos-sdk/llvm/bin/clang.exe --target=aarch64-unknown-linux-ohos --sysroot=C:/msys64/ohos-sdk/sysroot -D__MUSL__ -shared -LF:/MyProject/workspace_temp/build_py39_aarch64 -LF:/MyProject/Python-3.12.12/harmony_deps/aarch64/lib -LF:/MyProject/third_party_ffmpeg/install-harmony-aarch64/lib -lpython3.9 -IF:/MyProject/Python-3.9.25/Include -IF:/MyProject/workspace_temp/build_py39_aarch64 -IF:/MyProject/Python-3.12.12/harmony_deps/aarch64/include -IF:/MyProject/Python-3.12.12/harmony_deps/aarch64/include/SDL2 -IF:/MyProject/third_party_ffmpeg/install-harmony-aarch64/include -O2 -march=armv8.2-a build/harmony39-aarch64/temp/tmp/gen3/renpy.pygame.pygame_time.o -LF:/MyProject/workspace_temp/build_py39_aarch64 -lSDL2 -lpython3.9 -lpython3.9 -o build/harmony39-aarch64/lib/renpy/pygame/pygame_time.cpython-39-x86_64-linux-ohos.so
building 'renpy.pygame.image' extension
C:/msys64/ohos-sdk/llvm/bin/clang.exe --target=aarch64-unknown-linux-ohos --sysroot=C:/msys64/ohos-sdk/sysroot -D__MUSL__ -IF:/MyProject/Python-3.9.25/Include -IF:/MyProject/workspace_temp/build_py39_aarch64 -IF:/MyProject/Python-3.12.12/harmony_deps/aarch64/include -IF:/MyProject/Python-3.12.12/harmony_deps/aarch64/include/SDL2 -IF:/MyProject/third_party_ffmpeg/install-harmony-aarch64/include -O2 -march=armv8.2-a -fPIC -Isrc -Itmp/gen3 -IF:/MyProject/Python-3.12.12/harmony_deps/aarch64/include/libpng16 -IF:/MyProject/Python-3.12.12/harmony_deps/aarch64/include -IF:/MyProject/third_party_ffmpeg/install-harmony-aarch64/include -IF:/MyProject/Python-3.12.12/harmony_deps/aarch64/include/freetype2 -IF:/MyProject/Python-3.12.12/harmony_deps/aarch64/include/harfbuzz -IF:/MyProject/Python-3.12.12/harmony_deps/aarch64/include/fribidi -Isrc -Itmp/gen3 -IF:/MyProject/Python-3.12.12/harmony_deps/aarch64/include/libpng16 -IF:/MyProject/Python-3.12.12/harmony_deps/aarch64/include -IF:/MyProject/third_party_ffmpeg/install-harmony-aarch64/include -IF:/MyProject/Python-3.12.12/harmony_deps/aarch64/include/freetype2 -IF:/MyProject/Python-3.12.12/harmony_deps/aarch64/include/harfbuzz -IF:/MyProject/Python-3.12.12/harmony_deps/aarch64/include/fribidi -IF:/MyProject/Python-3.9.25/Include -c src/pygame/write_jpeg.c -o build/harmony39-aarch64/temp/src/pygame/write_jpeg.o -std=gnu99 -Wno-unused-function
src/pygame/write_jpeg.c:81:28: warning: call to undeclared library function 'malloc' with type 'void *(unsigned long)'; ISO C99 and later do not support implicit function declarations [-Wimplicit-function-declaration]
    samples = (JSAMPROW *) malloc (sizeof(JSAMPROW) * rgb_surf->h);
                           ^
src/pygame/write_jpeg.c:81:28: note: include the header <stdlib.h> or explicitly provide a declaration for 'malloc'
src/pygame/write_jpeg.c:96:5: warning: call to undeclared library function 'free' with type 'void (void *)'; ISO C99 and later do not support implicit function declarations [-Wimplicit-function-declaration]
    free(samples);
    ^
src/pygame/write_jpeg.c:96:5: note: include the header <stdlib.h> or explicitly provide a declaration for 'free'
2 warnings generated.
C:/msys64/ohos-sdk/llvm/bin/clang.exe --target=aarch64-unknown-linux-ohos --sysroot=C:/msys64/ohos-sdk/sysroot -D__MUSL__ -IF:/MyProject/Python-3.9.25/Include -IF:/MyProject/workspace_temp/build_py39_aarch64 -IF:/MyProject/Python-3.12.12/harmony_deps/aarch64/include -IF:/MyProject/Python-3.12.12/harmony_deps/aarch64/include/SDL2 -IF:/MyProject/third_party_ffmpeg/install-harmony-aarch64/include -O2 -march=armv8.2-a -fPIC -Isrc -Itmp/gen3 -IF:/MyProject/Python-3.12.12/harmony_deps/aarch64/include/libpng16 -IF:/MyProject/Python-3.12.12/harmony_deps/aarch64/include -IF:/MyProject/third_party_ffmpeg/install-harmony-aarch64/include -IF:/MyProject/Python-3.12.12/harmony_deps/aarch64/include/freetype2 -IF:/MyProject/Python-3.12.12/harmony_deps/aarch64/include/harfbuzz -IF:/MyProject/Python-3.12.12/harmony_deps/aarch64/include/fribidi -Isrc -Itmp/gen3 -IF:/MyProject/Python-3.12.12/harmony_deps/aarch64/include/libpng16 -IF:/MyProject/Python-3.12.12/harmony_deps/aarch64/include -IF:/MyProject/third_party_ffmpeg/install-harmony-aarch64/include -IF:/MyProject/Python-3.12.12/harmony_deps/aarch64/include/freetype2 -IF:/MyProject/Python-3.12.12/harmony_deps/aarch64/include/harfbuzz -IF:/MyProject/Python-3.12.12/harmony_deps/aarch64/include/fribidi -IF:/MyProject/Python-3.9.25/Include -c src/pygame/write_png.c -o build/harmony39-aarch64/temp/src/pygame/write_png.o -std=gnu99 -Wno-unused-function
C:/msys64/ohos-sdk/llvm/bin/clang.exe --target=aarch64-unknown-linux-ohos --sysroot=C:/msys64/ohos-sdk/sysroot -D__MUSL__ -IF:/MyProject/Python-3.9.25/Include -IF:/MyProject/workspace_temp/build_py39_aarch64 -IF:/MyProject/Python-3.12.12/harmony_deps/aarch64/include -IF:/MyProject/Python-3.12.12/harmony_deps/aarch64/include/SDL2 -IF:/MyProject/third_party_ffmpeg/install-harmony-aarch64/include -O2 -march=armv8.2-a -fPIC -Isrc -Itmp/gen3 -IF:/MyProject/Python-3.12.12/harmony_deps/aarch64/include/libpng16 -IF:/MyProject/Python-3.12.12/harmony_deps/aarch64/include -IF:/MyProject/third_party_ffmpeg/install-harmony-aarch64/include -IF:/MyProject/Python-3.12.12/harmony_deps/aarch64/include/freetype2 -IF:/MyProject/Python-3.12.12/harmony_deps/aarch64/include/harfbuzz -IF:/MyProject/Python-3.12.12/harmony_deps/aarch64/include/fribidi -Isrc -Itmp/gen3 -IF:/MyProject/Python-3.12.12/harmony_deps/aarch64/include/libpng16 -IF:/MyProject/Python-3.12.12/harmony_deps/aarch64/include -IF:/MyProject/third_party_ffmpeg/install-harmony-aarch64/include -IF:/MyProject/Python-3.12.12/harmony_deps/aarch64/include/freetype2 -IF:/MyProject/Python-3.12.12/harmony_deps/aarch64/include/harfbuzz -IF:/MyProject/Python-3.12.12/harmony_deps/aarch64/include/fribidi -IF:/MyProject/Python-3.9.25/Include -c tmp/gen3/renpy.pygame.image.c -o build/harmony39-aarch64/temp/tmp/gen3/renpy.pygame.image.o -std=gnu99 -Wno-unused-function
  [harmony_setup] Replaced host Python lib 'python3.14' with 'python3.9'
C:/msys64/ohos-sdk/llvm/bin/clang.exe --target=aarch64-unknown-linux-ohos --sysroot=C:/msys64/ohos-sdk/sysroot -D__MUSL__ -shared -LF:/MyProject/workspace_temp/build_py39_aarch64 -LF:/MyProject/Python-3.12.12/harmony_deps/aarch64/lib -LF:/MyProject/third_party_ffmpeg/install-harmony-aarch64/lib -lpython3.9 -IF:/MyProject/Python-3.9.25/Include -IF:/MyProject/workspace_temp/build_py39_aarch64 -IF:/MyProject/Python-3.12.12/harmony_deps/aarch64/include -IF:/MyProject/Python-3.12.12/harmony_deps/aarch64/include/SDL2 -IF:/MyProject/third_party_ffmpeg/install-harmony-aarch64/include -O2 -march=armv8.2-a build/harmony39-aarch64/temp/src/pygame/write_jpeg.o build/harmony39-aarch64/temp/src/pygame/write_png.o build/harmony39-aarch64/temp/tmp/gen3/renpy.pygame.image.o -LF:/MyProject/Python-3.12.12/harmony_deps/aarch64/lib -LF:/MyProject/workspace_temp/build_py39_aarch64 -lSDL2 -lSDL2_image-2.0 -ljpeg -lpng16 -lpython3.9 -lpython3.9 -o build/harmony39-aarch64/lib/renpy/pygame/image.cpython-39-x86_64-linux-ohos.so
building 'renpy.pygame.transform' extension
C:/msys64/ohos-sdk/llvm/bin/clang.exe --target=aarch64-unknown-linux-ohos --sysroot=C:/msys64/ohos-sdk/sysroot -D__MUSL__ -IF:/MyProject/Python-3.9.25/Include -IF:/MyProject/workspace_temp/build_py39_aarch64 -IF:/MyProject/Python-3.12.12/harmony_deps/aarch64/include -IF:/MyProject/Python-3.12.12/harmony_deps/aarch64/include/SDL2 -IF:/MyProject/third_party_ffmpeg/install-harmony-aarch64/include -O2 -march=armv8.2-a -fPIC -Isrc -Itmp/gen3 -IF:/MyProject/Python-3.12.12/harmony_deps/aarch64/include/libpng16 -IF:/MyProject/Python-3.12.12/harmony_deps/aarch64/include -IF:/MyProject/third_party_ffmpeg/install-harmony-aarch64/include -IF:/MyProject/Python-3.12.12/harmony_deps/aarch64/include/freetype2 -IF:/MyProject/Python-3.12.12/harmony_deps/aarch64/include/harfbuzz -IF:/MyProject/Python-3.12.12/harmony_deps/aarch64/include/fribidi -Isrc -Itmp/gen3 -IF:/MyProject/Python-3.12.12/harmony_deps/aarch64/include/libpng16 -IF:/MyProject/Python-3.12.12/harmony_deps/aarch64/include -IF:/MyProject/third_party_ffmpeg/install-harmony-aarch64/include -IF:/MyProject/Python-3.12.12/harmony_deps/aarch64/include/freetype2 -IF:/MyProject/Python-3.12.12/harmony_deps/aarch64/include/harfbuzz -IF:/MyProject/Python-3.12.12/harmony_deps/aarch64/include/fribidi -IF:/MyProject/Python-3.9.25/Include -c src/pygame/SDL2_rotozoom.c -o build/harmony39-aarch64/temp/src/pygame/SDL2_rotozoom.o -std=gnu99 -Wno-unused-function
C:/msys64/ohos-sdk/llvm/bin/clang.exe --target=aarch64-unknown-linux-ohos --sysroot=C:/msys64/ohos-sdk/sysroot -D__MUSL__ -IF:/MyProject/Python-3.9.25/Include -IF:/MyProject/workspace_temp/build_py39_aarch64 -IF:/MyProject/Python-3.12.12/harmony_deps/aarch64/include -IF:/MyProject/Python-3.12.12/harmony_deps/aarch64/include/SDL2 -IF:/MyProject/third_party_ffmpeg/install-harmony-aarch64/include -O2 -march=armv8.2-a -fPIC -Isrc -Itmp/gen3 -IF:/MyProject/Python-3.12.12/harmony_deps/aarch64/include/libpng16 -IF:/MyProject/Python-3.12.12/harmony_deps/aarch64/include -IF:/MyProject/third_party_ffmpeg/install-harmony-aarch64/include -IF:/MyProject/Python-3.12.12/harmony_deps/aarch64/include/freetype2 -IF:/MyProject/Python-3.12.12/harmony_deps/aarch64/include/harfbuzz -IF:/MyProject/Python-3.12.12/harmony_deps/aarch64/include/fribidi -Isrc -Itmp/gen3 -IF:/MyProject/Python-3.12.12/harmony_deps/aarch64/include/libpng16 -IF:/MyProject/Python-3.12.12/harmony_deps/aarch64/include -IF:/MyProject/third_party_ffmpeg/install-harmony-aarch64/include -IF:/MyProject/Python-3.12.12/harmony_deps/aarch64/include/freetype2 -IF:/MyProject/Python-3.12.12/harmony_deps/aarch64/include/harfbuzz -IF:/MyProject/Python-3.12.12/harmony_deps/aarch64/include/fribidi -IF:/MyProject/Python-3.9.25/Include -c tmp/gen3/renpy.pygame.transform.c -o build/harmony39-aarch64/temp/tmp/gen3/renpy.pygame.transform.o -std=gnu99 -Wno-unused-function
  [harmony_setup] Replaced host Python lib 'python3.14' with 'python3.9'
C:/msys64/ohos-sdk/llvm/bin/clang.exe --target=aarch64-unknown-linux-ohos --sysroot=C:/msys64/ohos-sdk/sysroot -D__MUSL__ -shared -LF:/MyProject/workspace_temp/build_py39_aarch64 -LF:/MyProject/Python-3.12.12/harmony_deps/aarch64/lib -LF:/MyProject/third_party_ffmpeg/install-harmony-aarch64/lib -lpython3.9 -IF:/MyProject/Python-3.9.25/Include -IF:/MyProject/workspace_temp/build_py39_aarch64 -IF:/MyProject/Python-3.12.12/harmony_deps/aarch64/include -IF:/MyProject/Python-3.12.12/harmony_deps/aarch64/include/SDL2 -IF:/MyProject/third_party_ffmpeg/install-harmony-aarch64/include -O2 -march=armv8.2-a build/harmony39-aarch64/temp/src/pygame/SDL2_rotozoom.o build/harmony39-aarch64/temp/tmp/gen3/renpy.pygame.transform.o -LF:/MyProject/workspace_temp/build_py39_aarch64 -lSDL2 -lpython3.9 -lpython3.9 -o build/harmony39-aarch64/lib/renpy/pygame/transform.cpython-39-x86_64-linux-ohos.so
building 'renpy.pygame.gfxdraw' extension
C:/msys64/ohos-sdk/llvm/bin/clang.exe --target=aarch64-unknown-linux-ohos --sysroot=C:/msys64/ohos-sdk/sysroot -D__MUSL__ -IF:/MyProject/Python-3.9.25/Include -IF:/MyProject/workspace_temp/build_py39_aarch64 -IF:/MyProject/Python-3.12.12/harmony_deps/aarch64/include -IF:/MyProject/Python-3.12.12/harmony_deps/aarch64/include/SDL2 -IF:/MyProject/third_party_ffmpeg/install-harmony-aarch64/include -O2 -march=armv8.2-a -fPIC -Isrc -Itmp/gen3 -IF:/MyProject/Python-3.12.12/harmony_deps/aarch64/include/libpng16 -IF:/MyProject/Python-3.12.12/harmony_deps/aarch64/include -IF:/MyProject/third_party_ffmpeg/install-harmony-aarch64/include -IF:/MyProject/Python-3.12.12/harmony_deps/aarch64/include/freetype2 -IF:/MyProject/Python-3.12.12/harmony_deps/aarch64/include/harfbuzz -IF:/MyProject/Python-3.12.12/harmony_deps/aarch64/include/fribidi -Isrc -Itmp/gen3 -IF:/MyProject/Python-3.12.12/harmony_deps/aarch64/include/libpng16 -IF:/MyProject/Python-3.12.12/harmony_deps/aarch64/include -IF:/MyProject/third_party_ffmpeg/install-harmony-aarch64/include -IF:/MyProject/Python-3.12.12/harmony_deps/aarch64/include/freetype2 -IF:/MyProject/Python-3.12.12/harmony_deps/aarch64/include/harfbuzz -IF:/MyProject/Python-3.12.12/harmony_deps/aarch64/include/fribidi -IF:/MyProject/Python-3.9.25/Include -c src/pygame/SDL_gfxPrimitives.c -o build/harmony39-aarch64/temp/src/pygame/SDL_gfxPrimitives.o -std=gnu99 -Wno-unused-function
src/pygame/SDL_gfxPrimitives.c:6529:25: warning: passing 'Uint16[4]' (aka 'unsigned short[4]') to parameter of type 'const Sint16 *' (aka 'const short *') converts between pointers to integer types with different sign [-Wpointer-sign]
                        polygonColor(m->dst, px, py, 4, m->color);
                                             ^~
src/pygame/SDL_gfxPrimitives.c:4917:52: note: passing argument to parameter 'vx' here
int polygonColor(SDL_Surface * dst, const Sint16 * vx, const Sint16 * vy, int n, Uint32 color)
                                                   ^
src/pygame/SDL_gfxPrimitives.c:6529:29: warning: passing 'Uint16[4]' (aka 'unsigned short[4]') to parameter of type 'const Sint16 *' (aka 'const short *') converts between pointers to integer types with different sign [-Wpointer-sign]
                        polygonColor(m->dst, px, py, 4, m->color);
                                                 ^~
src/pygame/SDL_gfxPrimitives.c:4917:71: note: passing argument to parameter 'vy' here
int polygonColor(SDL_Surface * dst, const Sint16 * vx, const Sint16 * vy, int n, Uint32 color)
                                                                      ^
2 warnings generated.
C:/msys64/ohos-sdk/llvm/bin/clang.exe --target=aarch64-unknown-linux-ohos --sysroot=C:/msys64/ohos-sdk/sysroot -D__MUSL__ -IF:/MyProject/Python-3.9.25/Include -IF:/MyProject/workspace_temp/build_py39_aarch64 -IF:/MyProject/Python-3.12.12/harmony_deps/aarch64/include -IF:/MyProject/Python-3.12.12/harmony_deps/aarch64/include/SDL2 -IF:/MyProject/third_party_ffmpeg/install-harmony-aarch64/include -O2 -march=armv8.2-a -fPIC -Isrc -Itmp/gen3 -IF:/MyProject/Python-3.12.12/harmony_deps/aarch64/include/libpng16 -IF:/MyProject/Python-3.12.12/harmony_deps/aarch64/include -IF:/MyProject/third_party_ffmpeg/install-harmony-aarch64/include -IF:/MyProject/Python-3.12.12/harmony_deps/aarch64/include/freetype2 -IF:/MyProject/Python-3.12.12/harmony_deps/aarch64/include/harfbuzz -IF:/MyProject/Python-3.12.12/harmony_deps/aarch64/include/fribidi -Isrc -Itmp/gen3 -IF:/MyProject/Python-3.12.12/harmony_deps/aarch64/include/libpng16 -IF:/MyProject/Python-3.12.12/harmony_deps/aarch64/include -IF:/MyProject/third_party_ffmpeg/install-harmony-aarch64/include -IF:/MyProject/Python-3.12.12/harmony_deps/aarch64/include/freetype2 -IF:/MyProject/Python-3.12.12/harmony_deps/aarch64/include/harfbuzz -IF:/MyProject/Python-3.12.12/harmony_deps/aarch64/include/fribidi -IF:/MyProject/Python-3.9.25/Include -c tmp/gen3/renpy.pygame.gfxdraw.c -o build/harmony39-aarch64/temp/tmp/gen3/renpy.pygame.gfxdraw.o -std=gnu99 -Wno-unused-function
  [harmony_setup] Replaced host Python lib 'python3.14' with 'python3.9'
C:/msys64/ohos-sdk/llvm/bin/clang.exe --target=aarch64-unknown-linux-ohos --sysroot=C:/msys64/ohos-sdk/sysroot -D__MUSL__ -shared -LF:/MyProject/workspace_temp/build_py39_aarch64 -LF:/MyProject/Python-3.12.12/harmony_deps/aarch64/lib -LF:/MyProject/third_party_ffmpeg/install-harmony-aarch64/lib -lpython3.9 -IF:/MyProject/Python-3.9.25/Include -IF:/MyProject/workspace_temp/build_py39_aarch64 -IF:/MyProject/Python-3.12.12/harmony_deps/aarch64/include -IF:/MyProject/Python-3.12.12/harmony_deps/aarch64/include/SDL2 -IF:/MyProject/third_party_ffmpeg/install-harmony-aarch64/include -O2 -march=armv8.2-a build/harmony39-aarch64/temp/src/pygame/SDL_gfxPrimitives.o build/harmony39-aarch64/temp/tmp/gen3/renpy.pygame.gfxdraw.o -LF:/MyProject/workspace_temp/build_py39_aarch64 -lSDL2 -lpython3.9 -lpython3.9 -o build/harmony39-aarch64/lib/renpy/pygame/gfxdraw.cpython-39-x86_64-linux-ohos.so
building 'renpy.pygame.draw' extension
C:/msys64/ohos-sdk/llvm/bin/clang.exe --target=aarch64-unknown-linux-ohos --sysroot=C:/msys64/ohos-sdk/sysroot -D__MUSL__ -IF:/MyProject/Python-3.9.25/Include -IF:/MyProject/workspace_temp/build_py39_aarch64 -IF:/MyProject/Python-3.12.12/harmony_deps/aarch64/include -IF:/MyProject/Python-3.12.12/harmony_deps/aarch64/include/SDL2 -IF:/MyProject/third_party_ffmpeg/install-harmony-aarch64/include -O2 -march=armv8.2-a -fPIC -Isrc -Itmp/gen3 -IF:/MyProject/Python-3.12.12/harmony_deps/aarch64/include/libpng16 -IF:/MyProject/Python-3.12.12/harmony_deps/aarch64/include -IF:/MyProject/third_party_ffmpeg/install-harmony-aarch64/include -IF:/MyProject/Python-3.12.12/harmony_deps/aarch64/include/freetype2 -IF:/MyProject/Python-3.12.12/harmony_deps/aarch64/include/harfbuzz -IF:/MyProject/Python-3.12.12/harmony_deps/aarch64/include/fribidi -Isrc -Itmp/gen3 -IF:/MyProject/Python-3.12.12/harmony_deps/aarch64/include/libpng16 -IF:/MyProject/Python-3.12.12/harmony_deps/aarch64/include -IF:/MyProject/third_party_ffmpeg/install-harmony-aarch64/include -IF:/MyProject/Python-3.12.12/harmony_deps/aarch64/include/freetype2 -IF:/MyProject/Python-3.12.12/harmony_deps/aarch64/include/harfbuzz -IF:/MyProject/Python-3.12.12/harmony_deps/aarch64/include/fribidi -IF:/MyProject/Python-3.9.25/Include -c tmp/gen3/renpy.pygame.draw.c -o build/harmony39-aarch64/temp/tmp/gen3/renpy.pygame.draw.o -std=gnu99 -Wno-unused-function
  [harmony_setup] Replaced host Python lib 'python3.14' with 'python3.9'
C:/msys64/ohos-sdk/llvm/bin/clang.exe --target=aarch64-unknown-linux-ohos --sysroot=C:/msys64/ohos-sdk/sysroot -D__MUSL__ -shared -LF:/MyProject/workspace_temp/build_py39_aarch64 -LF:/MyProject/Python-3.12.12/harmony_deps/aarch64/lib -LF:/MyProject/third_party_ffmpeg/install-harmony-aarch64/lib -lpython3.9 -IF:/MyProject/Python-3.9.25/Include -IF:/MyProject/workspace_temp/build_py39_aarch64 -IF:/MyProject/Python-3.12.12/harmony_deps/aarch64/include -IF:/MyProject/Python-3.12.12/harmony_deps/aarch64/include/SDL2 -IF:/MyProject/third_party_ffmpeg/install-harmony-aarch64/include -O2 -march=armv8.2-a build/harmony39-aarch64/temp/tmp/gen3/renpy.pygame.draw.o -LF:/MyProject/workspace_temp/build_py39_aarch64 -lSDL2 -lpython3.9 -lpython3.9 -o build/harmony39-aarch64/lib/renpy/pygame/draw.cpython-39-x86_64-linux-ohos.so
building 'renpy.pygame.scrap' extension
C:/msys64/ohos-sdk/llvm/bin/clang.exe --target=aarch64-unknown-linux-ohos --sysroot=C:/msys64/ohos-sdk/sysroot -D__MUSL__ -IF:/MyProject/Python-3.9.25/Include -IF:/MyProject/workspace_temp/build_py39_aarch64 -IF:/MyProject/Python-3.12.12/harmony_deps/aarch64/include -IF:/MyProject/Python-3.12.12/harmony_deps/aarch64/include/SDL2 -IF:/MyProject/third_party_ffmpeg/install-harmony-aarch64/include -O2 -march=armv8.2-a -fPIC -Isrc -Itmp/gen3 -IF:/MyProject/Python-3.12.12/harmony_deps/aarch64/include/libpng16 -IF:/MyProject/Python-3.12.12/harmony_deps/aarch64/include -IF:/MyProject/third_party_ffmpeg/install-harmony-aarch64/include -IF:/MyProject/Python-3.12.12/harmony_deps/aarch64/include/freetype2 -IF:/MyProject/Python-3.12.12/harmony_deps/aarch64/include/harfbuzz -IF:/MyProject/Python-3.12.12/harmony_deps/aarch64/include/fribidi -Isrc -Itmp/gen3 -IF:/MyProject/Python-3.12.12/harmony_deps/aarch64/include/libpng16 -IF:/MyProject/Python-3.12.12/harmony_deps/aarch64/include -IF:/MyProject/third_party_ffmpeg/install-harmony-aarch64/include -IF:/MyProject/Python-3.12.12/harmony_deps/aarch64/include/freetype2 -IF:/MyProject/Python-3.12.12/harmony_deps/aarch64/include/harfbuzz -IF:/MyProject/Python-3.12.12/harmony_deps/aarch64/include/fribidi -IF:/MyProject/Python-3.9.25/Include -c tmp/gen3/renpy.pygame.scrap.c -o build/harmony39-aarch64/temp/tmp/gen3/renpy.pygame.scrap.o -std=gnu99 -Wno-unused-function
  [harmony_setup] Replaced host Python lib 'python3.14' with 'python3.9'
C:/msys64/ohos-sdk/llvm/bin/clang.exe --target=aarch64-unknown-linux-ohos --sysroot=C:/msys64/ohos-sdk/sysroot -D__MUSL__ -shared -LF:/MyProject/workspace_temp/build_py39_aarch64 -LF:/MyProject/Python-3.12.12/harmony_deps/aarch64/lib -LF:/MyProject/third_party_ffmpeg/install-harmony-aarch64/lib -lpython3.9 -IF:/MyProject/Python-3.9.25/Include -IF:/MyProject/workspace_temp/build_py39_aarch64 -IF:/MyProject/Python-3.12.12/harmony_deps/aarch64/include -IF:/MyProject/Python-3.12.12/harmony_deps/aarch64/include/SDL2 -IF:/MyProject/third_party_ffmpeg/install-harmony-aarch64/include -O2 -march=armv8.2-a build/harmony39-aarch64/temp/tmp/gen3/renpy.pygame.scrap.o -LF:/MyProject/workspace_temp/build_py39_aarch64 -lSDL2 -lpython3.9 -lpython3.9 -o build/harmony39-aarch64/lib/renpy/pygame/scrap.cpython-39-x86_64-linux-ohos.so
